dataset,family,algorithm,seed,n_samples,n_features,true_clusters,seconds,ari,nmi,clusters_found,silhouette,davies_bouldin,calinski_harabasz
iris,real_low_dim,MBC,3,150,4,3,0.205792999942787,0.6100728505285608,0.6525582020084985,3.0,0.45937792074496625,0.8340001544731056,241.8932623680683
iris,real_low_dim,KMeans,3,150,4,3,0.13711439992766827,0.6201351808870379,0.659486892724918,3.0,0.45994823920518635,0.8335949464754338,241.90440170183157
iris,real_low_dim,GMM,3,150,4,3,0.020184199907816947,0.9038742317748124,0.8996935451597475,3.0,0.37416491866541235,1.0809331199064374,187.77445116683708
iris,real_low_dim,Agglomerative,3,150,4,3,0.013170400052331388,0.6153229932145449,0.6754701853436886,3.0,0.4466890410285909,0.8034665302876753,222.71916382215363
iris,real_low_dim,Spectral,3,150,4,3,0.0375289999647066,0.5801379164100954,0.6166224199890987,3.0,0.46022490272751687,0.8322076899730974,239.23634755939122
iris,real_low_dim,DBSCAN,3,150,4,3,0.003450299962423742,0.48330870891911515,0.5585923741715718,2.0,0.6355220395048551,0.5147611537757558,328.36635975739875
iris,real_low_dim,CompactRefineOnly,3,150,4,3,0.008491700049489737,0.6201351808870379,0.659486892724918,3.0,0.45994823920518635,0.8335949464754338,241.90440170183157
wine,real_tabular,MBC,3,178,10,3,0.2713628000346944,0.8974949815093207,0.8758935341223069,3.0,0.29867482943692875,1.3363263335155775,76.17957977418826
wine,real_tabular,KMeans,3,178,10,3,0.08176400000229478,0.8974949815093207,0.8758935341223069,3.0,0.29867482943692875,1.3363263335155775,76.17957977418826
wine,real_tabular,GMM,3,178,10,3,0.024379299953579903,0.9650516223023584,0.9471420581416141,3.0,0.2937407026605509,1.3672051112259356,73.2985510703702
wine,real_tabular,Agglomerative,3,178,10,3,0.0013034999137744308,0.7587370866635239,0.762406421408809,3.0,0.2839520778138405,1.3440708190922412,72.1408947108312
wine,real_tabular,Spectral,3,178,10,3,0.03914910007733852,0.8974949815093207,0.8758935341223069,3.0,0.2967072399623194,1.3384785520498992,75.16510522481991
wine,real_tabular,DBSCAN,3,178,10,3,0.005597900017164648,0.4397317404540018,0.5556568427793751,2.0,0.33233030624245663,1.1692356505576187,78.47948343596538
wine,real_tabular,CompactRefineOnly,3,178,10,3,0.017125899903476238,0.8974949815093207,0.8758935341223069,3.0,0.29867482943692875,1.3363263335155775,76.17957977418826
breast_cancer,real_tabular,MBC,3,569,10,2,0.5525570999598131,0.6707206476880808,0.5546122184105559,2.0,0.3579864216984321,1.2596589047411835,288.12456737363806
breast_cancer,real_tabular,KMeans,3,569,10,2,0.11814290005713701,0.6707206476880808,0.5546122184105559,2.0,0.3579864216984321,1.2596589047411835,288.12456737363806
breast_cancer,real_tabular,GMM,3,569,10,2,0.03782830003183335,0.13708037576279067,0.0779900499088246,2.0,0.2633793648320994,2.1873617706332977,101.35084356441983
breast_cancer,real_tabular,Agglomerative,3,569,10,2,0.007931499974802136,0.7018952886855787,0.6141736421213969,2.0,0.29599303933760235,1.380459432630877,244.09433872459815
breast_cancer,real_tabular,Spectral,3,569,10,2,0.0663307000650093,0.7486091377059557,0.6413953072137877,2.0,0.35115346526666646,1.267027518115858,282.86063528448625
breast_cancer,real_tabular,DBSCAN,3,569,10,2,0.02309829997830093,0.11963603806518647,0.07118102722755155,1.0,,,
breast_cancer,real_tabular,CompactRefineOnly,3,569,10,2,0.014198799966834486,0.6536246043910179,0.5324078598532422,2.0,0.35646070219238996,1.2679003700826146,288.10415988422346
digits_0_4,real_image_features,MBC,3,901,10,5,0.9387169000692666,0.7725597798917779,0.7856253023795009,5.0,0.2986109286117632,1.4592875785929444,212.5620070534068
digits_0_4,real_image_features,KMeans,3,901,10,5,0.16744990006554872,0.7795342806637048,0.7908219663678139,5.0,0.2988193261513053,1.4587551572775124,212.57013699479583
digits_0_4,real_image_features,GMM,3,901,10,5,0.026017499971203506,0.6254041399837483,0.7035916349934839,5.0,0.24698587225483107,1.3676505312465634,167.92585281984586
digits_0_4,real_image_features,Agglomerative,3,901,10,5,0.020316899986937642,0.8324822961147127,0.8480408597419417,5.0,0.2804739153376893,1.5230837385045366,194.1526449592827
digits_0_4,real_image_features,Spectral,3,901,10,5,0.09778820001520216,0.8838343277769865,0.8866996327270062,5.0,0.29230670177582035,1.4891498821222189,206.0690562485575
digits_0_4,real_image_features,DBSCAN,3,901,10,5,0.03869969991501421,0.6499082455753931,0.7533994253919076,7.0,0.38375928901490175,0.9952812080235623,266.3351651725993
digits_0_4,real_image_features,CompactRefineOnly,3,901,10,5,0.07665569998789579,0.7643400210403206,0.781691118846685,5.0,0.29824557404159746,1.4591231940770013,211.0724303815242
two_moons,nonconvex,MBC,3,500,2,2,0.3777496999828145,1.0,1.0,2.0,0.3867272174102928,1.022225217666501,431.2659781839111
two_moons,nonconvex,KMeans,3,500,2,2,0.09979630005545914,0.47781769316114897,0.38035480605522193,2.0,0.49211079940366065,0.8136202191967095,685.4938415666336
two_moons,nonconvex,GMM,3,500,2,2,0.008890099939890206,0.49460324567347846,0.395241906158123,2.0,0.4920536246808575,0.8139827147932273,684.2072251218746
two_moons,nonconvex,Agglomerative,3,500,2,2,0.0069552999921143055,0.6586841756355348,0.63384627203639,2.0,0.45585341381141176,0.8582177095037783,566.7755365733861
two_moons,nonconvex,Spectral,3,500,2,2,0.09034210001118481,1.0,1.0,2.0,0.3867272174102928,1.022225217666501,431.2659781839111
two_moons,nonconvex,DBSCAN,3,500,2,2,0.006284300005063415,0.5131454937954654,0.6047224396238996,5.0,0.3499983978308588,0.7352933161623461,356.0758434007342
two_moons,nonconvex,CompactRefineOnly,3,500,2,2,0.01318909996189177,0.47781769316114897,0.38035480605522193,2.0,0.49211079940366065,0.8136202191967095,685.4938415666336
circles,nonconvex,MBC,3,500,2,2,0.525294299935922,1.0,1.0,2.0,0.15131901664062075,451.7181194046991,0.0020784999827414257
circles,nonconvex,KMeans,3,500,2,2,0.10307169996667653,-0.0017513893331547845,0.00018468893066122505,2.0,0.33174861151966895,1.2173873117748102,266.02594103714745
circles,nonconvex,GMM,3,500,2,2,0.010908599942922592,-0.001991967807486978,1.1541842382148618e-05,2.0,0.3277245571108683,1.2295171710142503,261.3582997445346
circles,nonconvex,Agglomerative,3,500,2,2,0.00599760003387928,-0.0019525657223129372,1.185642339850559e-05,2.0,0.31158925605579496,1.2595413831534472,240.30067080662462
circles,nonconvex,Spectral,3,500,2,2,0.09483760001603514,1.0,1.0,2.0,0.15131901664062075,451.7181194046991,0.0020784999827414257
circles,nonconvex,DBSCAN,3,500,2,2,0.0064987000077962875,0.5687802538326586,0.5630278507210066,11.0,0.23558275269976095,0.652713897515778,163.33640370239237
circles,nonconvex,CompactRefineOnly,3,500,2,2,0.01104090001899749,-0.0017513893331547845,0.00018468893066122505,2.0,0.33174861151966895,1.2173873117748102,266.02594103714745
noisy_moons,nonconvex,MBC,3,500,2,2,0.49953829997684807,0.2528871199243066,0.3466160782931321,2.0,0.35174421488882024,0.9132933250953112,302.29457258423145
noisy_moons,nonconvex,KMeans,3,500,2,2,0.10006170009728521,0.4722864578313253,0.3753461767492888,2.0,0.475157749144327,0.8371604499208545,635.2546817808299
noisy_moons,nonconvex,GMM,3,500,2,2,0.007914100075140595,0.4946037652775727,0.39567862779042307,2.0,0.4758363358503084,0.8362503832068859,634.8433479318675
noisy_moons,nonconvex,Agglomerative,3,500,2,2,0.007129899924620986,0.43990027513762664,0.47626218763753636,2.0,0.4192137067467951,0.8683552003433836,465.5042120073864
noisy_moons,nonconvex,Spectral,3,500,2,2,0.07524759997613728,0.5290423716593889,0.4285792601352954,2.0,0.4745948705037774,0.8379094671609558,627.6550917694914
noisy_moons,nonconvex,DBSCAN,3,500,2,2,0.005942499963566661,0.45593032758808677,0.5398646377057879,8.0,0.14925158138183373,1.0267963702768754,217.5861187402097
noisy_moons,nonconvex,CompactRefineOnly,3,500,2,2,0.012444899999536574,0.4722864578313253,0.3753461767492888,2.0,0.475157749144327,0.8371604499208545,635.2546817808299
noisy_circles,nonconvex,MBC,3,500,2,2,0.5464663000311702,1.0,1.0,2.0,0.10915402952094798,165.17423967968145,0.016402569869926296
noisy_circles,nonconvex,KMeans,3,500,2,2,0.10937199997715652,-0.0019427447409217453,4.6202942039026765e-05,2.0,0.35767601882815736,1.1691531226744072,293.4721045491081
noisy_circles,nonconvex,GMM,3,500,2,2,0.009380699950270355,-0.00199119518779503,1.1547875768087406e-05,2.0,0.3514567955989096,1.1918309143919341,284.562512551902
noisy_circles,nonconvex,Agglomerative,3,500,2,2,0.004631899995729327,0.002176339249859449,0.003125708524954566,2.0,0.33622936985327045,1.1916808343891105,263.8891569627967
noisy_circles,nonconvex,Spectral,3,500,2,2,0.08039859996642917,1.0,1.0,2.0,0.10915402952094798,165.17423967968145,0.016402569869926296
noisy_circles,nonconvex,DBSCAN,3,500,2,2,0.00504179997369647,0.5847755117554078,0.5954903745470812,8.0,0.07413376515847735,0.7920146847515682,160.9864739217379
noisy_circles,nonconvex,CompactRefineOnly,3,500,2,2,0.016926800017245114,-0.0019427447409217453,4.6202942039026765e-05,2.0,0.35767601882815736,1.1691531226744072,293.4721045491081
varied_density,synthetic_density,MBC,3,500,2,3,0.376955300103873,0.01725828399237998,0.06810610806141494,3.0,0.38054926006741974,0.5283432383157698,47.44092094851247
varied_density,synthetic_density,KMeans,3,500,2,3,0.11157579999417067,0.5228186324324493,0.5369219597093198,3.0,0.4352252686589651,0.7837049078012649,414.3915790321455
varied_density,synthetic_density,GMM,3,500,2,3,0.018545900005847216,0.9438132379161117,0.9159789246173661,3.0,0.3798813213589817,1.0841098044831794,293.5549546325263
varied_density,synthetic_density,Agglomerative,3,500,2,3,0.004595399950630963,0.6597151538265312,0.6785318945087374,3.0,0.42579043646766956,0.8102862421988624,383.8910825501181
varied_density,synthetic_density,Spectral,3,500,2,3,0.06390349997673184,0.634817432110023,0.6522637438573397,3.0,0.43035976084667527,0.7890589625694422,390.42129473565603
varied_density,synthetic_density,DBSCAN,3,500,2,3,0.0072169000050053,0.5858282987960535,0.575515101122237,6.0,0.2600224624980317,0.6931651521311842,256.7426626285482
varied_density,synthetic_density,CompactRefineOnly,3,500,2,3,0.019661800004541874,0.5228186324324493,0.5369219597093198,3.0,0.4352252686589651,0.7837049078012649,414.3915790321455
anisotropic_blobs,synthetic_gaussian,MBC,3,500,2,4,0.25061580003239214,1.0,1.0,4.0,0.7386996617939522,0.35781784898560803,4270.878641362983
anisotropic_blobs,synthetic_gaussian,KMeans,3,500,2,4,0.10464759997557849,1.0,1.0,4.0,0.7386996617939522,0.35781784898560803,4270.878641362983
anisotropic_blobs,synthetic_gaussian,GMM,3,500,2,4,0.00974470004439354,1.0,1.0,4.0,0.7386996617939522,0.35781784898560803,4270.878641362983
anisotropic_blobs,synthetic_gaussian,Agglomerative,3,500,2,4,0.004482100019231439,1.0,1.0,4.0,0.7386996617939522,0.35781784898560803,4270.878641362983
anisotropic_blobs,synthetic_gaussian,Spectral,3,500,2,4,0.05686410004273057,0.6281666737355858,0.8001207291317461,4.0,0.22199664907155306,7.838547898815961,137.21294731786097
anisotropic_blobs,synthetic_gaussian,DBSCAN,3,500,2,4,0.006945600034669042,0.7890226882441114,0.8168569320855347,7.0,0.6010956670178997,0.5642928963672588,3959.6308631579686
anisotropic_blobs,synthetic_gaussian,CompactRefineOnly,3,500,2,4,0.013159899972379208,1.0,1.0,4.0,0.7386996617939522,0.35781784898560803,4270.878641362982
ecoli,real_tabular,MBC,3,336,7,8,0.22990450006909668,0.511720691447483,0.6393420760784769,8.0,0.2600049755569184,1.0883441568852685,163.04415305045495
ecoli,real_tabular,KMeans,3,336,7,8,0.15735260001383722,0.4997703692445937,0.6332309716437774,8.0,0.2615691000492798,1.0862184405414697,163.2347453131648
ecoli,real_tabular,GMM,3,336,7,8,0.04024180001579225,0.6467549416887883,0.6248713645041406,8.0,0.19757887724309323,1.94158576934967,117.40415047973707
ecoli,real_tabular,Agglomerative,3,336,7,8,0.0034664999693632126,0.5182496729933496,0.639449833266893,8.0,0.2284948000462594,1.237582261608874,149.92450575347806
ecoli,real_tabular,Spectral,3,336,7,8,0.06791820004582405,0.3727055048109451,0.5835799664369727,8.0,0.224769331398435,1.3065333404074813,87.26398534697456
ecoli,real_tabular,DBSCAN,3,336,7,8,0.0076830999460071325,0.5016688482150401,0.5041145090894087,2.0,0.4143094158924071,0.9643542172042887,209.7680895558894
ecoli,real_tabular,CompactRefineOnly,3,336,7,8,0.03363720001652837,0.5012285744461071,0.6393835750830598,8.0,0.2608871552239388,1.0742151103411617,162.92446188874874
glass,real_tabular,MBC,3,214,9,6,0.19513290002942085,0.1432243010535837,0.27152394317620926,6.0,0.32459145227313213,0.979216638384298,62.474523071472724
glass,real_tabular,KMeans,3,214,9,6,0.09417179995216429,0.16420176720843732,0.3043953531543921,6.0,0.3276461735543943,0.9908899447365519,62.89938020460534
glass,real_tabular,GMM,3,214,9,6,0.03151130001060665,0.1590313378895582,0.3008866360634691,6.0,0.17534629681912822,1.8064207888707084,31.266005046636657
glass,real_tabular,Agglomerative,3,214,9,6,0.0017287000082433224,0.1350688630167201,0.29549358101988915,6.0,0.2822125890914785,1.0228645354777515,55.89773954009622
glass,real_tabular,Spectral,3,214,9,6,0.04902509995736182,0.2251590943572106,0.36789732067442216,6.0,0.180701162712908,1.521057021993869,40.59089810826337
glass,real_tabular,DBSCAN,3,214,9,6,0.005288999993354082,0.2248791556359338,0.3260759109262737,2.0,0.5663839750138853,0.5535985363116039,81.58688397922029
glass,real_tabular,CompactRefineOnly,3,214,9,6,0.019180000061169267,0.1412583801875877,0.2947998246594807,6.0,0.3255798087934102,1.0879977277962485,59.36121531879078
vehicle,real_tabular,MBC,3,846,10,4,1.8448776999721304,0.07612445208069152,0.11648453669873902,4.0,0.3103009817804056,1.0500180040586127,446.2589756245296
vehicle,real_tabular,KMeans,3,846,10,4,0.14817199995741248,0.0760410408020482,0.11622297983898577,4.0,0.3103334442832632,1.0508461305269583,446.24849645701397
vehicle,real_tabular,GMM,3,846,10,4,0.044060899992473423,0.0817595523357417,0.12774311780972059,4.0,0.2643008807664664,1.1573178184788449,381.99945060169085
vehicle,real_tabular,Agglomerative,3,846,10,4,0.015170499915257096,0.10797137665832475,0.13934589980356654,4.0,0.2889112745844362,1.0615196073482824,406.0875748410868
vehicle,real_tabular,Spectral,3,846,10,4,0.09693640004843473,0.10921253926603047,0.175258311245688,4.0,0.24994083861983338,1.2019248941965577,335.21432488954565
vehicle,real_tabular,DBSCAN,3,846,10,4,0.040820399997755885,0.10193658181845562,0.15189153649860856,4.0,0.1277695202966834,1.0327143971231987,264.2308444605798
vehicle,real_tabular,CompactRefineOnly,3,846,10,4,0.061083100037649274,0.07612445208069152,0.11648453669873902,4.0,0.3103009817804056,1.0500180040586127,446.2589756245298
cmc,real_tabular,MBC,3,1473,9,3,2.2308758000144735,0.023244646958711937,0.04317031773978956,3.0,0.20081765223850556,1.7058769320911307,321.32920417037985
cmc,real_tabular,KMeans,3,1473,9,3,0.18082189990673214,0.022690692429906647,0.04278732825078911,3.0,0.20085337463405423,1.7059258040273877,321.33075556415577
cmc,real_tabular,GMM,3,1473,9,3,0.0321377000072971,0.005809724337115397,0.019623140120340013,3.0,0.23363855449141113,1.430645795149714,266.66763748774537
cmc,real_tabular,Agglomerative,3,1473,9,3,0.05560510000213981,0.005809724337115397,0.019623140120340013,3.0,0.23363855449141113,1.430645795149714,266.6676374877454
cmc,real_tabular,Spectral,3,1473,9,3,0.22783260000869632,0.006085060021985198,0.01981837036991349,3.0,0.232293254433905,1.426348533520371,266.44120901946025
cmc,real_tabular,DBSCAN,3,1473,9,3,0.08662960003130138,0.02242877669648596,0.02644883937844782,4.0,0.23155420541866073,1.441546783112801,187.02339821848767
cmc,real_tabular,CompactRefineOnly,3,1473,9,3,0.03995419992133975,0.01608514225108874,0.03948302567983733,3.0,0.2008432489018876,1.7099788206550501,320.74779669278644
wdbc,real_tabular,MBC,3,569,10,2,0.5119310000445694,0.6707206476880808,0.554612218410556,2.0,0.35798642260745267,1.2596588947907137,288.1245704093846
wdbc,real_tabular,KMeans,3,569,10,2,0.11757200001738966,0.6707206476880808,0.554612218410556,2.0,0.35798642260745267,1.2596588947907137,288.1245704093846
wdbc,real_tabular,GMM,3,569,10,2,0.04351480002515018,0.13708037576279067,0.0779900499088246,2.0,0.26337936344015267,2.1873617547980837,101.35084439073911
wdbc,real_tabular,Agglomerative,3,569,10,2,0.009229899966157973,0.7018952886855787,0.6141736421213969,2.0,0.29599304025117806,1.3804594204571048,244.09434200144565
wdbc,real_tabular,Spectral,3,569,10,2,0.07899320009164512,0.7486091377059557,0.6413953072137877,2.0,0.3511534662654906,1.2670275079864888,282.8606382537845
wdbc,real_tabular,DBSCAN,3,569,10,2,0.02110659994650632,0.11963603806518647,0.07118102722755155,1.0,,,
wdbc,real_tabular,CompactRefineOnly,3,569,10,2,0.018996300059370697,0.6536246043910179,0.5324078598532422,2.0,0.35646070301443616,1.2679003596355702,288.1041630687987
iris,real_low_dim,MBC,7,150,4,3,0.23768180003389716,0.6201351808870379,0.659486892724918,3.0,0.45994823920518635,0.8335949464754338,241.90440170183157
iris,real_low_dim,KMeans,7,150,4,3,0.0827806000597775,0.6201351808870379,0.659486892724918,3.0,0.45994823920518635,0.8335949464754338,241.90440170183157
iris,real_low_dim,GMM,7,150,4,3,0.01600750000216067,0.9038742317748124,0.8996935451597475,3.0,0.37416491866541235,1.0809331199064374,187.77445116683708
iris,real_low_dim,Agglomerative,7,150,4,3,0.0012747000437229872,0.6153229932145449,0.6754701853436886,3.0,0.4466890410285909,0.8034665302876753,222.71916382215363
iris,real_low_dim,Spectral,7,150,4,3,0.038550700061023235,0.5801379164100954,0.6166224199890987,3.0,0.46022490272751687,0.8322076899730974,239.23634755939122
iris,real_low_dim,DBSCAN,7,150,4,3,0.004441900062374771,0.48330870891911515,0.5585923741715718,2.0,0.6355220395048551,0.5147611537757558,328.36635975739875
iris,real_low_dim,CompactRefineOnly,7,150,4,3,0.012295600026845932,0.6201351808870379,0.659486892724918,3.0,0.45994823920518635,0.8335949464754338,241.90440170183157
wine,real_tabular,MBC,7,178,10,3,0.23411100008524954,0.8974949815093207,0.8758935341223069,3.0,0.29867482943692875,1.3363263335155775,76.17957977418826
wine,real_tabular,KMeans,7,178,10,3,0.08179820002987981,0.8974949815093207,0.8758935341223069,3.0,0.29867482943692875,1.3363263335155775,76.17957977418826
wine,real_tabular,GMM,7,178,10,3,0.0124839999480173,0.9486690649426885,0.9282018683135121,3.0,0.2940472666399351,1.368826137946505,73.36575462112795
wine,real_tabular,Agglomerative,7,178,10,3,0.0018593000713735819,0.7587370866635239,0.762406421408809,3.0,0.2839520778138405,1.3440708190922412,72.1408947108312
wine,real_tabular,Spectral,7,178,10,3,0.03983030002564192,0.8974949815093207,0.8758935341223069,3.0,0.2967072399623194,1.3384785520498992,75.16510522481991
wine,real_tabular,DBSCAN,7,178,10,3,0.005860100034624338,0.4397317404540018,0.5556568427793751,2.0,0.33233030624245663,1.1692356505576187,78.47948343596538
wine,real_tabular,CompactRefineOnly,7,178,10,3,0.017092900001443923,0.8974949815093207,0.8758935341223069,3.0,0.29867482943692875,1.3363263335155775,76.17957977418826
breast_cancer,real_tabular,MBC,7,569,10,2,0.4525922000175342,0.6707206476880808,0.5546122184105559,2.0,0.3579864216984321,1.2596589047411835,288.12456737363806
breast_cancer,real_tabular,KMeans,7,569,10,2,0.11680079996585846,0.6707206476880808,0.554612218410556,2.0,0.3579864216984321,1.2596589047411835,288.12456737363806
breast_cancer,real_tabular,GMM,7,569,10,2,0.036861500004306436,0.13708037576279067,0.0779900499088246,2.0,0.2633793648320994,2.1873617706332977,101.35084356441983
breast_cancer,real_tabular,Agglomerative,7,569,10,2,0.007447800016961992,0.7018952886855787,0.6141736421213969,2.0,0.29599303933760235,1.380459432630877,244.09433872459815
breast_cancer,real_tabular,Spectral,7,569,10,2,0.07033730007242411,0.7486091377059557,0.6413953072137877,2.0,0.35115346526666646,1.267027518115858,282.86063528448625
breast_cancer,real_tabular,DBSCAN,7,569,10,2,0.02246590005233884,0.11963603806518647,0.07118102722755155,1.0,,,
breast_cancer,real_tabular,CompactRefineOnly,7,569,10,2,0.01960599992889911,0.6536246043910179,0.5324078598532422,2.0,0.35646070219238996,1.2679003700826146,288.10415988422346
digits_0_4,real_image_features,MBC,7,901,10,5,0.8756873999955133,0.7850577933881904,0.7932344237396985,5.0,0.29797881246626917,1.4635474925169862,212.2854615056062
digits_0_4,real_image_features,KMeans,7,901,10,5,0.16717370005790144,0.7795342806637048,0.7908219663678138,5.0,0.2988193261513053,1.4587551572775124,212.57013699479592
digits_0_4,real_image_features,GMM,7,901,10,5,0.030279200058430433,0.7746644528211625,0.8001414902690409,5.0,0.28986951871500377,1.5106935194620217,204.53567165409234
digits_0_4,real_image_features,Agglomerative,7,901,10,5,0.020848800078965724,0.8324822961147127,0.8480408597419417,5.0,0.2804739153376893,1.5230837385045366,194.1526449592827
digits_0_4,real_image_features,Spectral,7,901,10,5,0.10340929997619241,0.8838343277769865,0.8866996327270062,5.0,0.29230670177582035,1.4891498821222189,206.06905624855756
digits_0_4,real_image_features,DBSCAN,7,901,10,5,0.05028680001851171,0.6499082455753931,0.7533994253919076,7.0,0.38375928901490175,0.9952812080235623,266.3351651725993
digits_0_4,real_image_features,CompactRefineOnly,7,901,10,5,0.0725084999576211,0.7795342806637048,0.7908219663678139,5.0,0.2988193261513053,1.4587551572775124,212.5701369947959
two_moons,nonconvex,MBC,7,500,2,2,0.4120124999899417,1.0,1.0,2.0,0.3853538871290773,1.0267588048449594,426.73751634855984
two_moons,nonconvex,KMeans,7,500,2,2,0.09709279995877296,0.4946037652775727,0.3956786277904232,2.0,0.4985154265061096,0.8054086761670253,697.0788464032787
two_moons,nonconvex,GMM,7,500,2,2,0.010047300020232797,0.4889767081169896,0.39081488516713764,2.0,0.4983485545802655,0.8053714122776481,697.0541706312747
two_moons,nonconvex,Agglomerative,7,500,2,2,0.004823700059205294,0.7322104756698323,0.6928804018024196,2.0,0.44766389834856257,0.8800251867987241,553.1681457044548
two_moons,nonconvex,Spectral,7,500,2,2,0.08979600004386157,0.7459963896601944,0.7044975662546723,2.0,0.4572188232485993,0.8709935239303638,568.4257708865243
two_moons,nonconvex,DBSCAN,7,500,2,2,0.005989899975247681,0.6692500903158778,0.6502562738655231,6.0,0.08511742979160679,1.2995324009580929,185.95239084160528
two_moons,nonconvex,CompactRefineOnly,7,500,2,2,0.007232600008137524,0.4889767081169896,0.39081488516713764,2.0,0.4983485545802655,0.8053714122776481,697.0541706312747
circles,nonconvex,MBC,7,500,2,2,0.5406591999344528,1.0,1.0,2.0,0.14659481407839264,316.5630167905514,0.004263491992711545
circles,nonconvex,KMeans,7,500,2,2,0.105769700021483,-0.001991967807486978,1.1541842382148618e-05,2.0,0.3366186768525149,1.2053738592590868,270.2866469928326
circles,nonconvex,GMM,7,500,2,2,0.010378299979493022,-0.001863710783495236,0.00010387879777911317,2.0,0.3285230741417904,1.230503414504652,262.3590568648386
circles,nonconvex,Agglomerative,7,500,2,2,0.007457199972122908,0.03210514609770736,0.02831519376414644,2.0,0.3005067047789182,1.2541101661853258,224.84021660540898
circles,nonconvex,Spectral,7,500,2,2,0.08937519998289645,1.0,1.0,2.0,0.14659481407839264,316.5630167905514,0.004263491992711545
circles,nonconvex,DBSCAN,7,500,2,2,0.007239900063723326,0.553506984860976,0.5439515538350101,13.0,0.18159517248619583,0.6152722343645451,160.8119225782804
circles,nonconvex,CompactRefineOnly,7,500,2,2,0.009885699953883886,-0.0019439036144578313,4.616673376179932e-05,2.0,0.336685891562175,1.2054326727137286,270.2770620036659
noisy_moons,nonconvex,MBC,7,500,2,2,0.45144420000724494,0.9919999681285151,0.981182940453905,2.0,0.37006986693649746,1.051324748213908,401.92449690146316
noisy_moons,nonconvex,KMeans,7,500,2,2,0.09663670009467751,0.5116781663540514,0.41126000773416244,2.0,0.48525086579638205,0.8202044097586894,654.9873229429354
noisy_moons,nonconvex,GMM,7,500,2,2,0.008459500037133694,0.5116800490304165,0.41302071195231554,2.0,0.48498608445631874,0.8196987154409283,652.7446927446257
noisy_moons,nonconvex,Agglomerative,7,500,2,2,0.005830500042065978,0.7185516709087391,0.6687918138968395,2.0,0.4395518444338536,0.889805258373105,532.6666307328386
noisy_moons,nonconvex,Spectral,7,500,2,2,0.08574210002552718,0.6328808671112454,0.5258274783483748,2.0,0.4744087099737007,0.8392577110693622,619.2783550129143
noisy_moons,nonconvex,DBSCAN,7,500,2,2,0.006934499950148165,0.6370958796609683,0.614544451751622,8.0,-0.10005944674335202,1.7736432741717965,119.7006362756502
noisy_moons,nonconvex,CompactRefineOnly,7,500,2,2,0.010896599967963994,0.5116781663540514,0.41126000773416244,2.0,0.48525086579638205,0.8202044097586894,654.9873229429354
noisy_circles,nonconvex,MBC,7,500,2,2,0.5400388999842107,1.0,1.0,2.0,0.11418936803893037,171.93719552286376,0.015045595851648342
noisy_circles,nonconvex,KMeans,7,500,2,2,0.09925359999760985,-0.001991967807486978,1.1541842382148618e-05,2.0,0.35129049349184266,1.1873656354807811,285.3659479708974
noisy_circles,nonconvex,GMM,7,500,2,2,0.010715199983678758,-0.001863710783495236,0.00010387879777911317,2.0,0.3488469666576735,1.1893288876942045,284.06919909248353
noisy_circles,nonconvex,Agglomerative,7,500,2,2,0.006746600032784045,0.012457561415550317,0.010682653498901101,2.0,0.3216284287295144,1.2591367848526271,249.08988744216316
noisy_circles,nonconvex,Spectral,7,500,2,2,0.0718931999290362,1.0,1.0,2.0,0.11418936803893037,171.93719552286376,0.015045595851648342
noisy_circles,nonconvex,DBSCAN,7,500,2,2,0.006725699990056455,0.5478533932549958,0.5294684353875605,14.0,0.10924689782515926,0.6506035105462643,107.04560023132355
noisy_circles,nonconvex,CompactRefineOnly,7,500,2,2,0.00947779999114573,-0.0019433885592219455,4.6182820458156546e-05,2.0,0.3512363113605304,1.1885837595365463,285.07407516612454
varied_density,synthetic_density,MBC,7,500,2,3,0.3789842000696808,0.02864425062960093,0.09898325997605345,3.0,0.29788842829366,0.5786746104631361,62.25899582370009
varied_density,synthetic_density,KMeans,7,500,2,3,0.1203130999347195,0.536165418605732,0.5809777865746945,3.0,0.434711708127827,0.7767485367527227,420.3860194220046
varied_density,synthetic_density,GMM,7,500,2,3,0.01593609992414713,0.9811171034123026,0.9681401694722985,3.0,0.37974454714717787,1.0621558814780199,283.63525249771135
varied_density,synthetic_density,Agglomerative,7,500,2,3,0.004166500060819089,0.45902930288426363,0.5393174397532655,3.0,0.39169438369246873,0.7722960966532701,328.2167063061722
varied_density,synthetic_density,Spectral,7,500,2,3,0.06344969989731908,0.47842838133720905,0.561908455976859,3.0,0.43259846442124705,0.7009258103540196,380.73897062390483
varied_density,synthetic_density,DBSCAN,7,500,2,3,0.006480199983343482,0.7675317422623685,0.7223540773323074,8.0,0.347876340236911,0.5862260149707932,233.5860964436177
varied_density,synthetic_density,CompactRefineOnly,7,500,2,3,0.022138600004836917,0.5233008816914594,0.5824268075309027,3.0,0.43537566929858323,0.7731502469934725,420.1809270602874
anisotropic_blobs,synthetic_gaussian,MBC,7,500,2,4,0.21354969998355955,1.0,1.0,4.0,0.8365461975467688,0.23753086747219604,8712.228213499815
anisotropic_blobs,synthetic_gaussian,KMeans,7,500,2,4,0.1207842999137938,1.0,1.0,4.0,0.8365461975467688,0.23753086747219604,8712.228213499815
anisotropic_blobs,synthetic_gaussian,GMM,7,500,2,4,0.007595999981276691,1.0,1.0,4.0,0.8365461975467688,0.23753086747219604,8712.228213499815
anisotropic_blobs,synthetic_gaussian,Agglomerative,7,500,2,4,0.00613240001257509,1.0,1.0,4.0,0.8365461975467688,0.23753086747219604,8712.228213499815
anisotropic_blobs,synthetic_gaussian,Spectral,7,500,2,4,0.08224939997307956,1.0,1.0,4.0,0.8365461975467688,0.23753086747219604,8712.228213499815
anisotropic_blobs,synthetic_gaussian,DBSCAN,7,500,2,4,0.006181600037962198,0.799070294230852,0.8192583683893229,6.0,0.7393843533814894,0.5008333198725584,10131.551525993615
anisotropic_blobs,synthetic_gaussian,CompactRefineOnly,7,500,2,4,0.015923499944619834,1.0,1.0,4.0,0.8365461975467688,0.23753086747219604,8712.228213499815
ecoli,real_tabular,MBC,7,336,7,8,0.223518600105308,0.5079066892753646,0.6406204745931141,8.0,0.26046685823449156,1.09123320162205,163.22216297233118
ecoli,real_tabular,KMeans,7,336,7,8,0.16154100000858307,0.4997703692445937,0.6332309716437774,8.0,0.2615691000492798,1.0862184405414699,163.2347453131648
ecoli,real_tabular,GMM,7,336,7,8,0.03294599999208003,0.6467549416887883,0.6248713645041407,8.0,0.19757887724309323,1.94158576934967,117.40415047973707
ecoli,real_tabular,Agglomerative,7,336,7,8,0.00263709994032979,0.5182496729933496,0.639449833266893,8.0,0.2284948000462594,1.237582261608874,149.92450575347806
ecoli,real_tabular,Spectral,7,336,7,8,0.06825560005381703,0.3727055048109451,0.5835799664369727,8.0,0.224769331398435,1.3065333404074813,87.26398534697456
ecoli,real_tabular,DBSCAN,7,336,7,8,0.009371299995109439,0.5016688482150401,0.5041145090894087,2.0,0.4143094158924071,0.9643542172042887,209.7680895558894
ecoli,real_tabular,CompactRefineOnly,7,336,7,8,0.037185900029726326,0.5037839160898462,0.637234157346898,8.0,0.2618968991225647,1.0851908415387597,162.92677513929186
glass,real_tabular,MBC,7,214,9,6,0.2142253000056371,0.16370385100343157,0.30526194619923186,6.0,0.3247477063525023,0.9837854424816354,62.86368476201387
glass,real_tabular,KMeans,7,214,9,6,0.09814069990534335,0.1659617005679944,0.3109505915797478,6.0,0.3258527884696707,0.9987843471077772,62.87584673079965
glass,real_tabular,GMM,7,214,9,6,0.02867049991618842,0.1366580043291014,0.3063168270887782,6.0,0.2143749201106213,1.4311710175186214,37.68555470854177
glass,real_tabular,Agglomerative,7,214,9,6,0.0016872999258339405,0.1350688630167201,0.29549358101988915,6.0,0.2822125890914785,1.0228645354777515,55.89773954009622
glass,real_tabular,Spectral,7,214,9,6,0.050160199985839427,0.2251590943572106,0.36789732067442216,6.0,0.180701162712908,1.5210570219938688,40.59089810826337
glass,real_tabular,DBSCAN,7,214,9,6,0.007719599991105497,0.2248791556359338,0.3260759109262737,2.0,0.5663839750138853,0.5535985363116039,81.58688397922029
glass,real_tabular,CompactRefineOnly,7,214,9,6,0.02261400001589209,0.15239896801276853,0.2879235555990109,6.0,0.3241485169561394,0.9691673376982933,62.46082007738708
vehicle,real_tabular,MBC,7,846,10,4,1.8518046999815851,0.07612445208069152,0.11648453669873902,4.0,0.3103009817804056,1.0500180040586127,446.2589756245297
vehicle,real_tabular,KMeans,7,846,10,4,0.15385870006866753,0.0760410408020482,0.11622297983898577,4.0,0.3103334442832632,1.0508461305269583,446.24849645701397
vehicle,real_tabular,GMM,7,846,10,4,0.037439499981701374,0.08256477327253414,0.12838797036998004,4.0,0.26509903332646745,1.1573088210354314,382.5236267660781
vehicle,real_tabular,Agglomerative,7,846,10,4,0.015234299935400486,0.10797137665832475,0.13934589980356654,4.0,0.2889112745844362,1.0615196073482824,406.0875748410868
vehicle,real_tabular,Spectral,7,846,10,4,0.1006394000723958,0.10921253926603047,0.175258311245688,4.0,0.24994083861983338,1.2019248941965577,335.21432488954565
vehicle,real_tabular,DBSCAN,7,846,10,4,0.0353691999334842,0.10193658181845562,0.15189153649860856,4.0,0.1277695202966834,1.0327143971231987,264.2308444605798
vehicle,real_tabular,CompactRefineOnly,7,846,10,4,0.05542649992275983,0.0760410408020482,0.11622297983898575,4.0,0.3103334442832632,1.050846130526958,446.24849645701397
cmc,real_tabular,MBC,7,1473,9,3,2.5240484999958426,0.023244646958711937,0.043170317739789556,3.0,0.20081765223850556,1.7058769320911307,321.3292041703798
cmc,real_tabular,KMeans,7,1473,9,3,0.18191679997835308,0.023244646958711937,0.04317031773978956,3.0,0.20081765223850556,1.7058769320911307,321.32920417037985
cmc,real_tabular,GMM,7,1473,9,3,0.024005699902772903,0.005425670254938408,0.01929309813063227,3.0,0.2383768188991783,1.4464838076596467,260.89260703504766
cmc,real_tabular,Agglomerative,7,1473,9,3,0.0635976999765262,0.005809724337115397,0.019623140120340013,3.0,0.23363855449141113,1.430645795149714,266.6676374877454
cmc,real_tabular,Spectral,7,1473,9,3,0.26923490001354367,0.006085060021985198,0.01981837036991349,3.0,0.232293254433905,1.426348533520371,266.44120901946025
cmc,real_tabular,DBSCAN,7,1473,9,3,0.09371679998002946,0.02242877669648596,0.02644883937844782,4.0,0.23155420541866073,1.441546783112801,187.02339821848767
cmc,real_tabular,CompactRefineOnly,7,1473,9,3,0.04199190007057041,0.023244646958711937,0.04317031773978956,3.0,0.20081765223850556,1.7058769320911307,321.32920417037985
wdbc,real_tabular,MBC,7,569,10,2,0.45492369995918125,0.6707206476880808,0.554612218410556,2.0,0.35798642260745267,1.2596588947907137,288.1245704093846
wdbc,real_tabular,KMeans,7,569,10,2,0.11266720003914088,0.6707206476880808,0.554612218410556,2.0,0.35798642260745267,1.2596588947907137,288.1245704093846
wdbc,real_tabular,GMM,7,569,10,2,0.039889900013804436,0.13708037576279067,0.0779900499088246,2.0,0.26337936344015267,2.1873617547980837,101.35084439073911
wdbc,real_tabular,Agglomerative,7,569,10,2,0.0073787999572232366,0.7018952886855787,0.6141736421213969,2.0,0.29599304025117806,1.3804594204571048,244.09434200144565
wdbc,real_tabular,Spectral,7,569,10,2,0.07337030000053346,0.7486091377059557,0.6413953072137877,2.0,0.3511534662654906,1.2670275079864888,282.8606382537845
wdbc,real_tabular,DBSCAN,7,569,10,2,0.020799599937163293,0.11963603806518647,0.07118102722755155,1.0,,,
wdbc,real_tabular,CompactRefineOnly,7,569,10,2,0.023563800030387938,0.6536246043910179,0.5324078598532422,2.0,0.35646070301443616,1.2679003596355702,288.1041630687987
iris,real_low_dim,MBC,11,150,4,3,0.20425309997517616,0.6201351808870379,0.659486892724918,3.0,0.45994823920518635,0.8335949464754338,241.90440170183157
iris,real_low_dim,KMeans,11,150,4,3,0.08905239996965975,0.6201351808870379,0.659486892724918,3.0,0.45994823920518635,0.8335949464754338,241.90440170183157
iris,real_low_dim,GMM,11,150,4,3,0.019519800087437034,0.9038742317748124,0.8996935451597475,3.0,0.37416491866541235,1.0809331199064374,187.77445116683708
iris,real_low_dim,Agglomerative,11,150,4,3,0.0015832999488338828,0.6153229932145449,0.6754701853436886,3.0,0.4466890410285909,0.8034665302876753,222.71916382215363
iris,real_low_dim,Spectral,11,150,4,3,0.03545900003518909,0.5801379164100954,0.6166224199890987,3.0,0.46022490272751687,0.8322076899730974,239.23634755939128
iris,real_low_dim,DBSCAN,11,150,4,3,0.004903499968349934,0.48330870891911515,0.5585923741715718,2.0,0.6355220395048551,0.5147611537757558,328.36635975739875
iris,real_low_dim,CompactRefineOnly,11,150,4,3,0.007620400050655007,0.6201351808870379,0.659486892724918,3.0,0.45994823920518635,0.8335949464754338,241.90440170183157
wine,real_tabular,MBC,11,178,10,3,0.2672074999427423,0.8974949815093207,0.8758935341223069,3.0,0.29867482943692875,1.3363263335155775,76.17957977418826
wine,real_tabular,KMeans,11,178,10,3,0.10704539995640516,0.8974949815093207,0.8758935341223069,3.0,0.29867482943692875,1.3363263335155775,76.17957977418826
wine,real_tabular,GMM,11,178,10,3,0.00891179998870939,0.8635987920128989,0.8472896471857926,3.0,0.296644337279408,1.3368792598476558,75.93651306694595
wine,real_tabular,Agglomerative,11,178,10,3,0.002254700055345893,0.7587370866635239,0.762406421408809,3.0,0.2839520778138405,1.3440708190922412,72.1408947108312
wine,real_tabular,Spectral,11,178,10,3,0.043398499954491854,0.8974949815093207,0.8758935341223069,3.0,0.2967072399623194,1.3384785520498992,75.16510522481988
wine,real_tabular,DBSCAN,11,178,10,3,0.007288499968126416,0.4397317404540018,0.5556568427793751,2.0,0.33233030624245663,1.1692356505576187,78.47948343596538
wine,real_tabular,CompactRefineOnly,11,178,10,3,0.014233399997465312,0.8974949815093207,0.8758935341223069,3.0,0.29867482943692875,1.3363263335155775,76.17957977418826
breast_cancer,real_tabular,MBC,11,569,10,2,0.5137919000117108,0.6707206476880808,0.554612218410556,2.0,0.3579864216984321,1.2596589047411835,288.12456737363806
breast_cancer,real_tabular,KMeans,11,569,10,2,0.11187820008490235,0.6707206476880808,0.5546122184105559,2.0,0.3579864216984321,1.2596589047411835,288.12456737363806
breast_cancer,real_tabular,GMM,11,569,10,2,0.04106860002502799,0.13708037576279067,0.0779900499088246,2.0,0.2633793648320994,2.1873617706332977,101.35084356441983
breast_cancer,real_tabular,Agglomerative,11,569,10,2,0.009399700094945729,0.7018952886855787,0.6141736421213969,2.0,0.29599303933760235,1.380459432630877,244.09433872459815
breast_cancer,real_tabular,Spectral,11,569,10,2,0.07415410003159195,0.7486091377059557,0.6413953072137877,2.0,0.35115346526666646,1.267027518115858,282.86063528448625
breast_cancer,real_tabular,DBSCAN,11,569,10,2,0.0208800999680534,0.11963603806518647,0.07118102722755155,1.0,,,
breast_cancer,real_tabular,CompactRefineOnly,11,569,10,2,0.012505599996075034,0.6536246043910179,0.5324078598532422,2.0,0.35646070219238996,1.2679003700826146,288.10415988422346
digits_0_4,real_image_features,MBC,11,901,10,5,0.9054523999802768,0.7795342806637048,0.7908219663678139,5.0,0.2988193261513053,1.4587551572775124,212.5701369947959
digits_0_4,real_image_features,KMeans,11,901,10,5,0.1686148999724537,0.7795342806637048,0.7908219663678139,5.0,0.2988193261513053,1.4587551572775124,212.57013699479592
digits_0_4,real_image_features,GMM,11,901,10,5,0.05635249998886138,0.6018310075689698,0.6977258071287289,5.0,0.25991404003836444,1.4700505487608624,184.2566803450908
digits_0_4,real_image_features,Agglomerative,11,901,10,5,0.02268329996149987,0.8324822961147127,0.8480408597419417,5.0,0.2804739153376893,1.5230837385045366,194.1526449592827
digits_0_4,real_image_features,Spectral,11,901,10,5,0.09843330003786832,0.8838343277769865,0.8866996327270062,5.0,0.29230670177582035,1.4891498821222189,206.0690562485575
digits_0_4,real_image_features,DBSCAN,11,901,10,5,0.04643949994351715,0.6499082455753931,0.7533994253919076,7.0,0.38375928901490175,0.9952812080235623,266.3351651725993
digits_0_4,real_image_features,CompactRefineOnly,11,901,10,5,0.07296100002713501,0.716020910326911,0.7274156764796793,5.0,0.2914331080471951,1.4630342956369111,206.609439620185
two_moons,nonconvex,MBC,11,500,2,2,0.4188358000246808,1.0,1.0,2.0,0.3867892578699578,1.0196572621846878,433.607359029
two_moons,nonconvex,KMeans,11,500,2,2,0.10574390005785972,0.4451124456928147,0.3518113464687187,2.0,0.4966521616406969,0.8047075268877917,702.5289430342375
two_moons,nonconvex,GMM,11,500,2,2,0.007695599924772978,0.4778183642377559,0.3808681392173715,2.0,0.4968116026539726,0.8043328368297529,701.2588406748735
two_moons,nonconvex,Agglomerative,11,500,2,2,0.006962699932046235,0.6717635238189322,0.6440291373102306,2.0,0.46585436375575184,0.8428047024425775,591.5900786814598
two_moons,nonconvex,Spectral,11,500,2,2,0.1108625999186188,1.0,1.0,2.0,0.3867892578699578,1.0196572621846878,433.607359029
two_moons,nonconvex,DBSCAN,11,500,2,2,0.005999300046823919,0.36817972397816856,0.5108100365918403,10.0,0.2679205620358134,0.6698552431540361,272.75704308389203
two_moons,nonconvex,CompactRefineOnly,11,500,2,2,0.008940500090830028,0.4451124456928147,0.3518113464687187,2.0,0.4966521616406969,0.8047075268877917,702.5289430342375
circles,nonconvex,MBC,11,500,2,2,0.5376597000285983,1.0,1.0,2.0,0.14955096969121412,231.39625841991122,0.007934454639328632
circles,nonconvex,KMeans,11,500,2,2,0.10187420004513115,-0.0018629382627001906,0.00010393310367627851,2.0,0.33521060129107844,1.2071712819872202,271.44322965792685
circles,nonconvex,GMM,11,500,2,2,0.009217299986630678,-0.0019904225692945897,1.1553914438397045e-05,2.0,0.32846685715509977,1.2253642397229423,262.98182190198634
circles,nonconvex,Agglomerative,11,500,2,2,0.005061300005763769,0.00727750541337634,0.006898506831366829,2.0,0.3070220144542915,1.2708966858713862,227.13740758198023
circles,nonconvex,Spectral,11,500,2,2,0.07536319992505014,1.0,1.0,2.0,0.14955096969121412,231.39625841991122,0.007934454639328632
circles,nonconvex,DBSCAN,11,500,2,2,0.006163200014270842,0.5698563997411683,0.5692592919238735,10.0,0.21760441616478213,0.6349945072093641,187.0819480322261
circles,nonconvex,CompactRefineOnly,11,500,2,2,0.015163800097070634,-0.0014288163391407002,0.00041611592895334035,2.0,0.33532334791251345,1.2069320344343049,271.425835208032
noisy_moons,nonconvex,MBC,11,500,2,2,0.48123549995943904,0.9760961032975123,0.9530566686527554,2.0,0.3631986595639186,1.0616721116079109,392.91694497769595
noisy_moons,nonconvex,KMeans,11,500,2,2,0.09528629994019866,0.4833809563342875,0.3853864629944191,2.0,0.48239879053883383,0.8199786754990044,655.4552216626856
noisy_moons,nonconvex,GMM,11,500,2,2,0.008416299941018224,0.5116786684025015,0.4117274119263471,2.0,0.4831111492908225,0.8194742915992768,653.4398916682566
noisy_moons,nonconvex,Agglomerative,11,500,2,2,0.006120200036093593,0.5706796168221924,0.470240549214788,2.0,0.4787791890602217,0.8262862398581761,634.7688993989791
noisy_moons,nonconvex,Spectral,11,500,2,2,0.06485139997676015,0.5466968238537057,0.4486552048228715,2.0,0.47925735152184623,0.8239420855827129,637.6661755592702
noisy_moons,nonconvex,DBSCAN,11,500,2,2,0.006996899959631264,0.7192503584048097,0.6354084086853742,2.0,0.4424473755871348,0.8815805425588331,518.0042833433379
noisy_moons,nonconvex,CompactRefineOnly,11,500,2,2,0.01240100001450628,0.4833809563342875,0.3853864629944191,2.0,0.48239879053883383,0.8199786754990044,655.4552216626856
noisy_circles,nonconvex,MBC,11,500,2,2,0.5370429999893531,1.0,1.0,2.0,0.10928134856317809,217.54937257410393,0.009451252287637877
noisy_circles,nonconvex,KMeans,11,500,2,2,0.10079069994390011,-0.001943774850599216,4.6170754553780054e-05,2.0,0.35526456151101504,1.1785060260266884,290.6710584980001
noisy_circles,nonconvex,GMM,11,500,2,2,0.01043789996765554,-0.001991967807486978,1.1541842382148618e-05,2.0,0.3533296573743212,1.1831610900080591,286.7370332459778
noisy_circles,nonconvex,Agglomerative,11,500,2,2,0.007415800006128848,0.010582645658844486,0.009203783408558734,2.0,0.3333315048066391,1.228711622896489,258.1955243915737
noisy_circles,nonconvex,Spectral,11,500,2,2,0.09063760004937649,1.0,1.0,2.0,0.10928134856317809,217.54937257410393,0.009451252287637877
noisy_circles,nonconvex,DBSCAN,11,500,2,2,0.006106699933297932,0.602648562640865,0.6005895628320627,9.0,0.035334213366009594,0.8435544563427677,105.60958565546183
noisy_circles,nonconvex,CompactRefineOnly,11,500,2,2,0.015510100056417286,-0.001943774850599216,4.6170754553780054e-05,2.0,0.35526456151101504,1.1785060260266884,290.6710584980001
varied_density,synthetic_density,MBC,11,500,2,3,0.39333660004194826,-0.012111957388804545,0.042750845239418384,3.0,-0.15487677602600558,1.6242914250109681,5.248619219443115
varied_density,synthetic_density,KMeans,11,500,2,3,0.121021099970676,0.4501484997866797,0.5040206283228854,3.0,0.41391235455966624,0.8171269232208106,396.6652274708747
varied_density,synthetic_density,GMM,11,500,2,3,0.014660199987702072,0.9623036046959209,0.9441444412897786,3.0,0.35188194158676006,1.1290602192880843,271.3329529495649
varied_density,synthetic_density,Agglomerative,11,500,2,3,0.0063732999842613935,0.6469950573011987,0.6925381124508659,3.0,0.40370919333348854,0.841488395745567,356.66571663670794
varied_density,synthetic_density,Spectral,11,500,2,3,0.06688509997911751,0.527261980215636,0.5988924513728905,3.0,0.4144205590513301,0.7745613600199254,359.7236896844451
varied_density,synthetic_density,DBSCAN,11,500,2,3,0.0058991999831050634,0.3843980153345203,0.470394371054295,5.0,0.29182378892680294,0.6233906271045297,117.62464295936401
varied_density,synthetic_density,CompactRefineOnly,11,500,2,3,0.019190600025467575,0.4501484997866797,0.5040206283228854,3.0,0.41391235455966624,0.8171269232208106,396.6652274708747
anisotropic_blobs,synthetic_gaussian,MBC,11,500,2,4,0.2615393999731168,0.7344332091538052,0.8382499183857623,4.0,0.636643452611724,0.5184223171020894,2451.923111594775
anisotropic_blobs,synthetic_gaussian,KMeans,11,500,2,4,0.09875329991336912,0.958465002590821,0.9524599275117029,4.0,0.7194897330082914,0.4716562421262558,3676.126549441779
anisotropic_blobs,synthetic_gaussian,GMM,11,500,2,4,0.010406499961391091,0.9840965587855374,0.9767976507403721,4.0,0.7187906386014611,0.4790322835876555,3613.5458244629144
anisotropic_blobs,synthetic_gaussian,Agglomerative,11,500,2,4,0.007290799985639751,0.9788819441947539,0.9711553640490286,4.0,0.720056408538351,0.4752083737616185,3654.1150150882695
anisotropic_blobs,synthetic_gaussian,Spectral,11,500,2,4,0.07547059992793947,0.9840965587855374,0.9767976507403721,4.0,0.7187906386014611,0.4790322835876555,3613.5458244629144
anisotropic_blobs,synthetic_gaussian,DBSCAN,11,500,2,4,0.007217800011858344,0.8309629840761042,0.8393658597186842,7.0,0.6175788501191529,0.4810587883328285,3438.818255747747
anisotropic_blobs,synthetic_gaussian,CompactRefineOnly,11,500,2,4,0.014048799988813698,0.958465002590821,0.9524599275117032,4.0,0.7194897330082914,0.4716562421262558,3676.1265494417785
ecoli,real_tabular,MBC,11,336,7,8,0.23078510002233088,0.58575047718715,0.6229571286573624,8.0,0.29115559838755684,1.0327501688664358,161.00050824018828
ecoli,real_tabular,KMeans,11,336,7,8,0.1555062000406906,0.4997703692445937,0.6332309716437774,8.0,0.2615691000492798,1.0862184405414699,163.23474531316486
ecoli,real_tabular,GMM,11,336,7,8,0.036645299987867475,0.6556319925457418,0.6458017727425865,8.0,0.1988810477650127,2.0369026457536226,123.55171822364655
ecoli,real_tabular,Agglomerative,11,336,7,8,0.004528400022536516,0.5182496729933496,0.639449833266893,8.0,0.2284948000462594,1.237582261608874,149.92450575347806
ecoli,real_tabular,Spectral,11,336,7,8,0.07018969999626279,0.3727055048109451,0.5835799664369727,8.0,0.224769331398435,1.3065333404074813,87.26398534697456
ecoli,real_tabular,DBSCAN,11,336,7,8,0.008834499982185662,0.5016688482150401,0.5041145090894087,2.0,0.4143094158924071,0.9643542172042887,209.7680895558894
ecoli,real_tabular,CompactRefineOnly,11,336,7,8,0.04282470000907779,0.4994211051992234,0.6337774099037485,8.0,0.26049269109158296,1.0843357145205426,163.06877234965376
glass,real_tabular,MBC,11,214,9,6,0.21100999996997416,0.1617017761898191,0.30060566327036853,6.0,0.3231127595435651,1.015433372062547,62.582572611388855
glass,real_tabular,KMeans,11,214,9,6,0.09876329998951405,0.17322909269433145,0.3106783083411134,6.0,0.3290176191662043,0.9804533916290071,62.85351885674586
glass,real_tabular,GMM,11,214,9,6,0.027326799929142,0.15380991583035297,0.2977405641839062,6.0,0.24502310126406776,1.38438024865195,48.832698330879325
glass,real_tabular,Agglomerative,11,214,9,6,0.0016385000199079514,0.1350688630167201,0.29549358101988915,6.0,0.2822125890914785,1.0228645354777515,55.89773954009622
glass,real_tabular,Spectral,11,214,9,6,0.04399889998603612,0.2251590943572106,0.36789732067442216,6.0,0.180701162712908,1.5210570219938688,40.590898108263374
glass,real_tabular,DBSCAN,11,214,9,6,0.00748220004606992,0.2248791556359338,0.3260759109262737,2.0,0.5663839750138853,0.5535985363116039,81.58688397922029
glass,real_tabular,CompactRefineOnly,11,214,9,6,0.0228268998907879,0.13809950833973733,0.2707623616902535,6.0,0.3214547020312891,0.9719973206140838,62.27985775418994
vehicle,real_tabular,MBC,11,846,10,4,1.638274599914439,0.07365142834964815,0.11433932501176308,4.0,0.30970977710529923,1.0496240081400736,446.20196168759
vehicle,real_tabular,KMeans,11,846,10,4,0.16248190007172525,0.0760410408020482,0.11622297983898577,4.0,0.3103334442832632,1.0508461305269583,446.24849645701397
vehicle,real_tabular,GMM,11,846,10,4,0.0383260000962764,0.08256477327253414,0.12838797036998004,4.0,0.26509903332646745,1.1573088210354312,382.5236267660782
vehicle,real_tabular,Agglomerative,11,846,10,4,0.018531600013375282,0.10797137665832475,0.13934589980356654,4.0,0.2889112745844362,1.0615196073482824,406.0875748410868
vehicle,real_tabular,Spectral,11,846,10,4,0.10437389998696744,0.10921253926603047,0.175258311245688,4.0,0.24994083861983338,1.2019248941965577,335.21432488954565
vehicle,real_tabular,DBSCAN,11,846,10,4,0.030445300042629242,0.10193658181845562,0.15189153649860856,4.0,0.1277695202966834,1.0327143971231987,264.2308444605798
vehicle,real_tabular,CompactRefineOnly,11,846,10,4,0.05488900002092123,0.07688396400321429,0.11596352067331649,4.0,0.309751333450744,1.0594447228054928,445.71129586683236
cmc,real_tabular,MBC,11,1473,9,3,2.2964084000559524,0.023244646958711937,0.043170317739789556,3.0,0.20081765223850556,1.7058769320911307,321.3292041703798
cmc,real_tabular,KMeans,11,1473,9,3,0.190405200002715,0.022690692429906647,0.04278732825078911,3.0,0.20085337463405423,1.7059258040273877,321.33075556415577
cmc,real_tabular,GMM,11,1473,9,3,0.02391470002476126,0.005425670254938408,0.01929309813063227,3.0,0.2383768188991783,1.4464838076596467,260.89260703504766
cmc,real_tabular,Agglomerative,11,1473,9,3,0.052534000016748905,0.005809724337115397,0.019623140120340013,3.0,0.23363855449141113,1.430645795149714,266.6676374877454
cmc,real_tabular,Spectral,11,1473,9,3,0.2137998000252992,0.006085060021985198,0.01981837036991349,3.0,0.232293254433905,1.426348533520371,266.44120901946025
cmc,real_tabular,DBSCAN,11,1473,9,3,0.08746009995229542,0.02242877669648596,0.02644883937844782,4.0,0.23155420541866073,1.441546783112801,187.02339821848767
cmc,real_tabular,CompactRefineOnly,11,1473,9,3,0.037218600045889616,0.023244646958711937,0.04317031773978956,3.0,0.20081765223850556,1.7058769320911307,321.32920417037985
wdbc,real_tabular,MBC,11,569,10,2,0.5270892000989988,0.6707206476880808,0.554612218410556,2.0,0.35798642260745267,1.2596588947907137,288.1245704093846
wdbc,real_tabular,KMeans,11,569,10,2,0.11993899999652058,0.6707206476880808,0.554612218410556,2.0,0.35798642260745267,1.2596588947907137,288.1245704093846
wdbc,real_tabular,GMM,11,569,10,2,0.04002409998793155,0.13708037576279067,0.0779900499088246,2.0,0.26337936344015267,2.1873617547980837,101.35084439073911
wdbc,real_tabular,Agglomerative,11,569,10,2,0.009384999983012676,0.7018952886855787,0.6141736421213969,2.0,0.29599304025117806,1.3804594204571048,244.09434200144565
wdbc,real_tabular,Spectral,11,569,10,2,0.0749723999761045,0.7486091377059557,0.6413953072137877,2.0,0.3511534662654906,1.2670275079864888,282.8606382537845
wdbc,real_tabular,DBSCAN,11,569,10,2,0.020544899976812303,0.11963603806518647,0.07118102722755155,1.0,,,
wdbc,real_tabular,CompactRefineOnly,11,569,10,2,0.016425499925389886,0.6536246043910179,0.5324078598532422,2.0,0.35646070301443616,1.2679003596355702,288.1041630687987
iris,real_low_dim,MBC,19,150,4,3,0.2198783999774605,0.6100728505285608,0.6525582020084985,3.0,0.45937792074496625,0.8340001544731056,241.8932623680683
iris,real_low_dim,KMeans,19,150,4,3,0.08316019992344081,0.6201351808870379,0.659486892724918,3.0,0.45994823920518635,0.8335949464754338,241.90440170183157
iris,real_low_dim,GMM,19,150,4,3,0.018571200082078576,0.9038742317748124,0.8996935451597475,3.0,0.37416491866541235,1.0809331199064374,187.77445116683708
iris,real_low_dim,Agglomerative,19,150,4,3,0.0012235998874530196,0.6153229932145449,0.6754701853436886,3.0,0.4466890410285909,0.8034665302876753,222.71916382215363
iris,real_low_dim,Spectral,19,150,4,3,0.03771259996574372,0.5801379164100954,0.6166224199890987,3.0,0.46022490272751687,0.8322076899730974,239.23634755939122
iris,real_low_dim,DBSCAN,19,150,4,3,0.003692600061185658,0.48330870891911515,0.5585923741715718,2.0,0.6355220395048551,0.5147611537757558,328.36635975739875
iris,real_low_dim,CompactRefineOnly,19,150,4,3,0.007425500079989433,0.6201351808870379,0.659486892724918,3.0,0.45994823920518635,0.8335949464754338,241.90440170183157
wine,real_tabular,MBC,19,178,10,3,0.27266150002833456,0.8974949815093207,0.8758935341223069,3.0,0.29867482943692875,1.3363263335155775,76.17957977418826
wine,real_tabular,KMeans,19,178,10,3,0.08321999991312623,0.8974949815093207,0.8758935341223069,3.0,0.29867482943692875,1.3363263335155775,76.17957977418826
wine,real_tabular,GMM,19,178,10,3,0.01767840003594756,0.9650516223023584,0.9471420581416141,3.0,0.2937407026605509,1.367205111225936,73.2985510703702
wine,real_tabular,Agglomerative,19,178,10,3,0.0015960999298840761,0.7587370866635239,0.762406421408809,3.0,0.2839520778138405,1.3440708190922412,72.1408947108312
wine,real_tabular,Spectral,19,178,10,3,0.04077229998074472,0.8974949815093207,0.8758935341223069,3.0,0.2967072399623194,1.3384785520498992,75.16510522481988
wine,real_tabular,DBSCAN,19,178,10,3,0.004986100015230477,0.4397317404540018,0.5556568427793751,2.0,0.33233030624245663,1.1692356505576187,78.47948343596538
wine,real_tabular,CompactRefineOnly,19,178,10,3,0.013055299990810454,0.8974949815093207,0.8758935341223069,3.0,0.29867482943692875,1.3363263335155775,76.17957977418826
breast_cancer,real_tabular,MBC,19,569,10,2,0.5463038000743836,0.6536246043910179,0.5324078598532422,2.0,0.35646070219238996,1.2679003700826146,288.10415988422346
breast_cancer,real_tabular,KMeans,19,569,10,2,0.11487060005310923,0.6707206476880808,0.5546122184105559,2.0,0.3579864216984321,1.2596589047411835,288.12456737363806
breast_cancer,real_tabular,GMM,19,569,10,2,0.04060320009011775,0.13708037576279067,0.0779900499088246,2.0,0.2633793648320994,2.1873617706332977,101.35084356441983
breast_cancer,real_tabular,Agglomerative,19,569,10,2,0.01058160001412034,0.7018952886855787,0.6141736421213969,2.0,0.29599303933760235,1.380459432630877,244.09433872459815
breast_cancer,real_tabular,Spectral,19,569,10,2,0.06956759991589934,0.7486091377059557,0.6413953072137877,2.0,0.35115346526666646,1.267027518115858,282.86063528448625
breast_cancer,real_tabular,DBSCAN,19,569,10,2,0.020471900003030896,0.11963603806518647,0.07118102722755155,1.0,,,
breast_cancer,real_tabular,CompactRefineOnly,19,569,10,2,0.0180460000410676,0.6707206476880808,0.5546122184105559,2.0,0.3579864216984321,1.2596589047411835,288.12456737363806
digits_0_4,real_image_features,MBC,19,901,10,5,0.953936200006865,0.6272910135487904,0.7026839162998556,5.0,0.26891885985608616,1.3027540580540413,195.97093909305238
digits_0_4,real_image_features,KMeans,19,901,10,5,0.1595294000580907,0.7795342806637048,0.7908219663678138,5.0,0.2988193261513053,1.4587551572775124,212.5701369947959
digits_0_4,real_image_features,GMM,19,901,10,5,0.034600299899466336,0.7543753074841247,0.779703258210685,5.0,0.2768913036457973,1.4776992352014209,196.48461748730682
digits_0_4,real_image_features,Agglomerative,19,901,10,5,0.025204499950632453,0.8324822961147127,0.8480408597419417,5.0,0.2804739153376893,1.5230837385045366,194.1526449592827
digits_0_4,real_image_features,Spectral,19,901,10,5,0.09429979999549687,0.8838343277769865,0.8866996327270062,5.0,0.29230670177582035,1.4891498821222189,206.06905624855753
digits_0_4,real_image_features,DBSCAN,19,901,10,5,0.05053130001761019,0.6499082455753931,0.7533994253919076,7.0,0.38375928901490175,0.9952812080235623,266.3351651725993
digits_0_4,real_image_features,CompactRefineOnly,19,901,10,5,0.0694688999792561,0.7284767650525228,0.7501528185237034,5.0,0.2936425780081691,1.4779759908845878,207.8890019996894
two_moons,nonconvex,MBC,19,500,2,2,0.4296609000302851,1.0,1.0,2.0,0.3787250094771565,1.040929977835505,415.35630626195575
two_moons,nonconvex,KMeans,19,500,2,2,0.10054930008482188,0.46132048192771086,0.3656904453594342,2.0,0.4878082497862379,0.8211553919360618,671.4703084466177
two_moons,nonconvex,GMM,19,500,2,2,0.008554200059734285,0.4833809563342875,0.3853864629944191,2.0,0.4883808737428307,0.8205803383757659,671.134936079623
two_moons,nonconvex,Agglomerative,19,500,2,2,0.006247500074096024,0.5890447695869915,0.5814689356452838,2.0,0.44972129031382957,0.8584494696222637,546.7998150311055
two_moons,nonconvex,Spectral,19,500,2,2,0.08021089993417263,0.8314087581738488,0.781713545639471,2.0,0.4267816637206727,0.9291783682427058,508.9197340967587
two_moons,nonconvex,DBSCAN,19,500,2,2,0.006226500030606985,0.5437642397130785,0.5741025562721787,6.0,0.13708523087673155,1.5699255713487805,212.01548699789558
two_moons,nonconvex,CompactRefineOnly,19,500,2,2,0.010706499917432666,0.46132048192771086,0.3656904453594342,2.0,0.4878082497862379,0.8211553919360618,671.4703084466177
circles,nonconvex,MBC,19,500,2,2,0.5008834999753162,1.0,1.0,2.0,0.14799142593000766,191.73967777218377,0.011580289958100256
circles,nonconvex,KMeans,19,500,2,2,0.10625239997170866,-0.001863453276431181,0.00010389689446032872,2.0,0.33347711561376947,1.2142507438974315,267.6201401692857
circles,nonconvex,GMM,19,500,2,2,0.008659200044348836,-0.0019427447409217453,4.6202942039026765e-05,2.0,0.33043800739167434,1.2204159955968321,263.98858565892573
circles,nonconvex,Agglomerative,19,500,2,2,0.005474700010381639,-0.0019406845279211955,4.626742990890368e-05,2.0,0.32228274782881283,1.2463444725099002,253.55062817731167
circles,nonconvex,Spectral,19,500,2,2,0.08625589997973293,1.0,1.0,2.0,0.14799142593000766,191.73967777218377,0.011580289958100256
circles,nonconvex,DBSCAN,19,500,2,2,0.007736400002613664,0.5583733397853022,0.5397665995960306,14.0,0.2243055684506333,0.6375705322068638,137.06334151861864
circles,nonconvex,CompactRefineOnly,19,500,2,2,0.012744899955578148,-0.001863453276431181,0.00010389689446032872,2.0,0.33347711561376947,1.2142507438974315,267.6201401692857
noisy_moons,nonconvex,MBC,19,500,2,2,0.4988288999302313,0.9681922733790723,0.9407271848336156,2.0,0.3788373919855211,1.0191216902538445,424.18547959816925
noisy_moons,nonconvex,KMeans,19,500,2,2,0.09950480004772544,0.47781769316114897,0.38035480605522204,2.0,0.4840093552519404,0.817380583928369,661.9369856506522
noisy_moons,nonconvex,GMM,19,500,2,2,0.008279399946331978,0.48338075715588663,0.38522951897690744,2.0,0.48406330435283484,0.8173256261088951,661.7950429801085
noisy_moons,nonconvex,Agglomerative,19,500,2,2,0.0052198999328538775,0.44521226284406434,0.43938870140821007,2.0,0.43582604702878097,0.8517431540240948,507.7646314539227
noisy_moons,nonconvex,Spectral,19,500,2,2,0.07349109998904169,0.7881247264325937,0.7413338395711698,2.0,0.42537293987184843,0.9120749362179679,512.0687174834503
noisy_moons,nonconvex,DBSCAN,19,500,2,2,0.007177599938586354,0.8687353461325359,0.7905588003525503,3.0,0.04483533042244578,1.0957173103519524,215.9513069185724
noisy_moons,nonconvex,CompactRefineOnly,19,500,2,2,0.007504099979996681,0.47781769316114897,0.38035480605522204,2.0,0.4840093552519404,0.817380583928369,661.9369856506522
noisy_circles,nonconvex,MBC,19,500,2,2,0.5600335999624804,1.0,1.0,2.0,0.1097802576155844,250.7518669255864,0.007107890820868055
noisy_circles,nonconvex,KMeans,19,500,2,2,0.10291900008451194,-0.0019433885592219455,4.6182820458156546e-05,2.0,0.3548637385818493,1.1776503627320667,291.2570682226428
noisy_circles,nonconvex,GMM,19,500,2,2,0.009825699962675571,-0.0018598481914335369,0.00010415080368155818,2.0,0.34684586419910807,1.1979116684676634,279.8452342549762
noisy_circles,nonconvex,Agglomerative,19,500,2,2,0.005946299992501736,-1.9276166456251245e-05,0.0014446153720105944,2.0,0.3360746217874744,1.210206697415705,265.85401350324406
noisy_circles,nonconvex,Spectral,19,500,2,2,0.10056379996240139,1.0,1.0,2.0,0.1097802576155844,250.7518669255864,0.007107890820868055
noisy_circles,nonconvex,DBSCAN,19,500,2,2,0.007659700000658631,0.5487852600627143,0.5249563770136485,15.0,0.0809996481210027,0.6483493604591472,99.89889191660663
noisy_circles,nonconvex,CompactRefineOnly,19,500,2,2,0.014158700010739267,-0.001991710267457272,1.1543852922255368e-05,2.0,0.3540020460243434,1.1792104639844476,290.6385480540469
varied_density,synthetic_density,MBC,19,500,2,3,0.4013061999576166,0.01256456798160534,0.05702616674289781,3.0,0.11464995537842612,0.855345335519515,30.864643374214985
varied_density,synthetic_density,KMeans,19,500,2,3,0.11848170007579029,0.39706584470560746,0.43320710825557623,3.0,0.4366815567439512,0.7797958563483829,437.3943610740376
varied_density,synthetic_density,GMM,19,500,2,3,0.018068900099024177,0.943892880892391,0.9144483173523659,3.0,0.3610695994441729,1.1794363535069168,282.04612755543883
varied_density,synthetic_density,Agglomerative,19,500,2,3,0.0053428999381139874,0.5664550066574613,0.6090921820777436,3.0,0.4292532956593769,0.7545971933408907,394.1598714888362
varied_density,synthetic_density,Spectral,19,500,2,3,0.07263650000095367,0.38988924997281804,0.47914986197143816,3.0,0.39799500069481036,0.6942750565720853,328.9830466980268
varied_density,synthetic_density,DBSCAN,19,500,2,3,0.007038099924102426,0.1729220774526577,0.25842961895868316,5.0,0.025809774961646367,0.6835915946606554,61.950504158717
varied_density,synthetic_density,CompactRefineOnly,19,500,2,3,0.02024869993329048,0.39706584470560746,0.43320710825557623,3.0,0.4366815567439512,0.7797958563483829,437.3943610740376
anisotropic_blobs,synthetic_gaussian,MBC,19,500,2,4,0.1884248999413103,0.7130534790109259,0.8571428571428569,3.0,0.8681085370092738,0.1803977531523302,6219.212470932944
anisotropic_blobs,synthetic_gaussian,KMeans,19,500,2,4,0.11390789994038641,0.8216873390693777,0.8593780807951665,4.0,0.7093243681292206,0.43874499269194817,8607.244104895244
anisotropic_blobs,synthetic_gaussian,GMM,19,500,2,4,0.013793400023132563,0.8249752750202453,0.8585831402313356,4.0,0.7054012208381442,0.4497505121845852,8458.490426322367
anisotropic_blobs,synthetic_gaussian,Agglomerative,19,500,2,4,0.005587400053627789,0.8145548326321529,0.8533181107697299,4.0,0.7048052585121345,0.44737275833521234,8403.48632075229
anisotropic_blobs,synthetic_gaussian,Spectral,19,500,2,4,0.06820029998198152,0.8027782991627769,0.8347883020054341,4.0,0.6845117819900238,0.4548375979964673,8037.764620300371
anisotropic_blobs,synthetic_gaussian,DBSCAN,19,500,2,4,0.006490100058726966,0.6652774456140131,0.7333378591818677,5.0,0.5255169587189629,0.5584065281171483,4753.705769165897
anisotropic_blobs,synthetic_gaussian,CompactRefineOnly,19,500,2,4,0.027773099951446056,0.8216873390693777,0.8593780807951665,4.0,0.7093243681292206,0.43874499269194817,8607.244104895246
ecoli,real_tabular,MBC,19,336,7,8,0.24591409997083247,0.49531056555733366,0.6344434846504454,8.0,0.25790264852157285,1.0915621731779477,162.5255917139395
ecoli,real_tabular,KMeans,19,336,7,8,0.15801980008836836,0.4997703692445937,0.6332309716437774,8.0,0.2615691000492798,1.0862184405414699,163.23474531316486
ecoli,real_tabular,GMM,19,336,7,8,0.028852200019173324,0.6466396495406085,0.6382346983834299,8.0,0.26330465489053506,1.72762112682509,123.07828648907906
ecoli,real_tabular,Agglomerative,19,336,7,8,0.002671099966391921,0.5182496729933496,0.639449833266893,8.0,0.2284948000462594,1.237582261608874,149.92450575347806
ecoli,real_tabular,Spectral,19,336,7,8,0.07605170004535466,0.3727055048109451,0.5835799664369727,8.0,0.224769331398435,1.3065333404074813,87.26398534697456
ecoli,real_tabular,DBSCAN,19,336,7,8,0.010777699993923306,0.5016688482150401,0.5041145090894087,2.0,0.4143094158924071,0.9643542172042887,209.7680895558894
ecoli,real_tabular,CompactRefineOnly,19,336,7,8,0.04231489996891469,0.4996173713552379,0.634748940280579,8.0,0.2624900739491502,1.0781246194662704,162.87100168229662
glass,real_tabular,MBC,19,214,9,6,0.2234830999514088,0.16056405288965506,0.3010113712396939,6.0,0.3238577556829545,0.9768751006573185,62.51431230089217
glass,real_tabular,KMeans,19,214,9,6,0.11110280000139028,0.14404612324274915,0.27988145412847304,6.0,0.31990210985839607,0.9773525192884986,62.46789645462834
glass,real_tabular,GMM,19,214,9,6,0.03441820002626628,0.1980247246963492,0.32972409709753914,6.0,0.21691203725414962,1.8180830001962718,38.17279312405014
glass,real_tabular,Agglomerative,19,214,9,6,0.0015974000561982393,0.1350688630167201,0.29549358101988915,6.0,0.2822125890914785,1.0228645354777515,55.89773954009622
glass,real_tabular,Spectral,19,214,9,6,0.05171669996343553,0.2251590943572106,0.36789732067442216,6.0,0.180701162712908,1.5210570219938688,40.590898108263374
glass,real_tabular,DBSCAN,19,214,9,6,0.006436900002881885,0.2248791556359338,0.3260759109262737,2.0,0.5663839750138853,0.5535985363116039,81.58688397922029
glass,real_tabular,CompactRefineOnly,19,214,9,6,0.018175400095060468,0.1700759406282361,0.3364808012182774,6.0,0.3331699386824643,1.1102090641586972,59.74189907300904
vehicle,real_tabular,MBC,19,846,10,4,1.8516989999916404,0.07688396400321429,0.11596352067331649,4.0,0.309751333450744,1.0594447228054928,445.7112958668325
vehicle,real_tabular,KMeans,19,846,10,4,0.14995450002606958,0.0760410408020482,0.11622297983898575,4.0,0.3103334442832632,1.0508461305269583,446.24849645701397
vehicle,real_tabular,GMM,19,846,10,4,0.038759600021876395,0.08440757500500447,0.13254293516810198,4.0,0.258693817462192,1.4670745017317368,325.3906562841617
vehicle,real_tabular,Agglomerative,19,846,10,4,0.014410499949008226,0.10797137665832475,0.13934589980356654,4.0,0.2889112745844362,1.0615196073482824,406.0875748410868
vehicle,real_tabular,Spectral,19,846,10,4,0.118198600015603,0.10921253926603047,0.175258311245688,4.0,0.24994083861983338,1.2019248941965577,335.21432488954565
vehicle,real_tabular,DBSCAN,19,846,10,4,0.03739310009405017,0.10193658181845562,0.15189153649860856,4.0,0.1277695202966834,1.0327143971231987,264.2308444605798
vehicle,real_tabular,CompactRefineOnly,19,846,10,4,0.049223999958485365,0.07612445208069152,0.11648453669873902,4.0,0.3103009817804056,1.0500180040586127,446.25897562452974
cmc,real_tabular,MBC,19,1473,9,3,2.8163867999101058,0.022690692429906647,0.042787328250789104,3.0,0.20085337463405423,1.7059258040273877,321.33075556415577
cmc,real_tabular,KMeans,19,1473,9,3,0.17867179994937032,0.023244646958711937,0.04317031773978956,3.0,0.20081765223850556,1.7058769320911307,321.32920417037985
cmc,real_tabular,GMM,19,1473,9,3,0.026582599966786802,0.005425670254938408,0.01929309813063227,3.0,0.2383768188991783,1.4464838076596467,260.89260703504766
cmc,real_tabular,Agglomerative,19,1473,9,3,0.05426090001128614,0.005809724337115397,0.019623140120340013,3.0,0.23363855449141113,1.430645795149714,266.6676374877454
cmc,real_tabular,Spectral,19,1473,9,3,0.24195179995149374,0.006085060021985198,0.01981837036991349,3.0,0.232293254433905,1.426348533520371,266.44120901946025
cmc,real_tabular,DBSCAN,19,1473,9,3,0.09309570002369583,0.02242877669648596,0.02644883937844782,4.0,0.23155420541866073,1.441546783112801,187.02339821848767
cmc,real_tabular,CompactRefineOnly,19,1473,9,3,0.0365241999970749,0.023244646958711937,0.04317031773978956,3.0,0.20081765223850556,1.7058769320911307,321.3292041703798
wdbc,real_tabular,MBC,19,569,10,2,0.5256626999471337,0.6536246043910179,0.5324078598532422,2.0,0.35646070301443616,1.2679003596355702,288.1041630687987
wdbc,real_tabular,KMeans,19,569,10,2,0.11770479998085648,0.6707206476880808,0.554612218410556,2.0,0.35798642260745267,1.2596588947907137,288.1245704093846
wdbc,real_tabular,GMM,19,569,10,2,0.039737600018270314,0.13708037576279067,0.0779900499088246,2.0,0.26337936344015267,2.1873617547980837,101.35084439073911
wdbc,real_tabular,Agglomerative,19,569,10,2,0.00796209997497499,0.7018952886855787,0.6141736421213969,2.0,0.29599304025117806,1.3804594204571048,244.09434200144565
wdbc,real_tabular,Spectral,19,569,10,2,0.08571480005048215,0.7486091377059557,0.6413953072137877,2.0,0.3511534662654906,1.2670275079864888,282.8606382537845
wdbc,real_tabular,DBSCAN,19,569,10,2,0.025541200069710612,0.11963603806518647,0.07118102722755155,1.0,,,
wdbc,real_tabular,CompactRefineOnly,19,569,10,2,0.01892740000039339,0.6707206476880808,0.554612218410556,2.0,0.35798642260745267,1.2596588947907137,288.1245704093846
iris,real_low_dim,MBC,23,150,4,3,0.21805460005998611,0.6201351808870379,0.659486892724918,3.0,0.45994823920518635,0.8335949464754338,241.90440170183157
iris,real_low_dim,KMeans,23,150,4,3,0.0796400000108406,0.6201351808870379,0.659486892724918,3.0,0.45994823920518635,0.8335949464754338,241.90440170183157
iris,real_low_dim,GMM,23,150,4,3,0.01780480006709695,0.9038742317748124,0.8996935451597475,3.0,0.37416491866541235,1.0809331199064374,187.77445116683708
iris,real_low_dim,Agglomerative,23,150,4,3,0.0011623000027611852,0.6153229932145449,0.6754701853436886,3.0,0.4466890410285909,0.8034665302876753,222.71916382215363
iris,real_low_dim,Spectral,23,150,4,3,0.04202980000991374,0.589902508569669,0.6246608744021993,3.0,0.4590983583355187,0.8344993297243049,237.04972983271924
iris,real_low_dim,DBSCAN,23,150,4,3,0.003150200005620718,0.48330870891911515,0.5585923741715718,2.0,0.6355220395048551,0.5147611537757558,328.36635975739875
iris,real_low_dim,CompactRefineOnly,23,150,4,3,0.010380899999290705,0.6201351808870379,0.659486892724918,3.0,0.45994823920518635,0.8335949464754338,241.90440170183157
wine,real_tabular,MBC,23,178,10,3,0.2812394999200478,0.8974949815093207,0.8758935341223069,3.0,0.29867482943692875,1.3363263335155775,76.17957977418826
wine,real_tabular,KMeans,23,178,10,3,0.07819840009324253,0.8974949815093207,0.8758935341223069,3.0,0.29867482943692875,1.3363263335155775,76.17957977418826
wine,real_tabular,GMM,23,178,10,3,0.007644800003618002,0.8635987920128989,0.8472896471857926,3.0,0.296644337279408,1.3368792598476553,75.93651306694595
wine,real_tabular,Agglomerative,23,178,10,3,0.0012646999675780535,0.7587370866635239,0.762406421408809,3.0,0.2839520778138405,1.3440708190922412,72.1408947108312
wine,real_tabular,Spectral,23,178,10,3,0.0370502999285236,0.8974949815093207,0.8758935341223069,3.0,0.2967072399623194,1.3384785520498992,75.16510522481988
wine,real_tabular,DBSCAN,23,178,10,3,0.0052294000051915646,0.4397317404540018,0.5556568427793751,2.0,0.33233030624245663,1.1692356505576187,78.47948343596538
wine,real_tabular,CompactRefineOnly,23,178,10,3,0.0130053999600932,0.8974949815093207,0.8758935341223069,3.0,0.29867482943692875,1.3363263335155775,76.17957977418826
breast_cancer,real_tabular,MBC,23,569,10,2,0.4809149999637157,0.6707206476880808,0.5546122184105559,2.0,0.3579864216984321,1.2596589047411835,288.12456737363806
breast_cancer,real_tabular,KMeans,23,569,10,2,0.1125834999838844,0.6536246043910179,0.5324078598532422,2.0,0.35646070219238996,1.2679003700826146,288.10415988422346
breast_cancer,real_tabular,GMM,23,569,10,2,0.041110999998636544,0.13708037576279067,0.0779900499088246,2.0,0.2633793648320994,2.1873617706332977,101.35084356441983
breast_cancer,real_tabular,Agglomerative,23,569,10,2,0.00848820002283901,0.7018952886855787,0.6141736421213969,2.0,0.29599303933760235,1.380459432630877,244.09433872459815
breast_cancer,real_tabular,Spectral,23,569,10,2,0.06840889994055033,0.7486091377059557,0.6413953072137877,2.0,0.35115346526666646,1.267027518115858,282.86063528448625
breast_cancer,real_tabular,DBSCAN,23,569,10,2,0.023159699980169535,0.11963603806518647,0.07118102722755155,1.0,,,
breast_cancer,real_tabular,CompactRefineOnly,23,569,10,2,0.014981699991039932,0.6536246043910179,0.5324078598532422,2.0,0.35646070219238996,1.2679003700826146,288.10415988422346
digits_0_4,real_image_features,MBC,23,901,10,5,0.9458455999847502,0.7029537824405924,0.7287509109682236,5.0,0.29006849089664066,1.4504493455376433,206.04169567303111
digits_0_4,real_image_features,KMeans,23,901,10,5,0.1743880999274552,0.7795342806637048,0.7908219663678139,5.0,0.2988193261513053,1.4587551572775124,212.5701369947959
digits_0_4,real_image_features,GMM,23,901,10,5,0.031211300054565072,0.7527301833273641,0.7788342220851117,5.0,0.27681873054405,1.474909977418569,196.4198239189623
digits_0_4,real_image_features,Agglomerative,23,901,10,5,0.024569900007918477,0.8324822961147127,0.8480408597419417,5.0,0.2804739153376893,1.5230837385045366,194.1526449592827
digits_0_4,real_image_features,Spectral,23,901,10,5,0.10506929992698133,0.8838343277769865,0.8866996327270062,5.0,0.29230670177582035,1.4891498821222189,206.06905624855756
digits_0_4,real_image_features,DBSCAN,23,901,10,5,0.040861999965272844,0.6499082455753931,0.7533994253919076,7.0,0.38375928901490175,0.9952812080235623,266.3351651725993
digits_0_4,real_image_features,CompactRefineOnly,23,901,10,5,0.06922870001289994,0.7562823713466824,0.765874429063091,5.0,0.29864756601331083,1.4288813759360655,211.20042674177898
two_moons,nonconvex,MBC,23,500,2,2,0.46499459992628545,1.0,1.0,2.0,0.3775147949651326,1.0400880261541345,417.10667419306753
two_moons,nonconvex,KMeans,23,500,2,2,0.10206359997391701,0.4722864578313253,0.3753461767492888,2.0,0.4975770441040605,0.8036661699315956,700.8656146165928
two_moons,nonconvex,GMM,23,500,2,2,0.008326699957251549,0.48338075715588663,0.38522951897690744,2.0,0.49789604606702825,0.8034513574864945,700.5926533899069
two_moons,nonconvex,Agglomerative,23,500,2,2,0.005057500093244016,0.500343446383511,0.5040029236111038,2.0,0.4434213268910767,0.8402296472869433,532.3308684995137
two_moons,nonconvex,Spectral,23,500,2,2,0.08559079992119223,0.868361415053849,0.8188208988115211,2.0,0.4195051716117232,0.941909589145491,497.6116709394511
two_moons,nonconvex,DBSCAN,23,500,2,2,0.005564699997194111,0.5539296726287091,0.5692580754981121,9.0,0.0702423918725544,0.9977027089236005,151.19410576966862
two_moons,nonconvex,CompactRefineOnly,23,500,2,2,0.007296499912627041,0.4722864578313253,0.3753461767492888,2.0,0.4975770441040605,0.8036661699315956,700.8656146165928
circles,nonconvex,MBC,23,500,2,2,0.5045705999946222,1.0,1.0,2.0,0.1467131656278202,215.7044640712408,0.009171906148004717
circles,nonconvex,KMeans,23,500,2,2,0.1018233000067994,-0.0019427447409217453,4.6202942039026765e-05,2.0,0.33487916167311904,1.2110166221085388,268.24941818961065
circles,nonconvex,GMM,23,500,2,2,0.008585599949583411,-0.0018621657430965008,0.00010398745715354991,2.0,0.3349177207834938,1.2109236067887612,268.24236121751704
circles,nonconvex,Agglomerative,23,500,2,2,0.007248200010508299,0.02925023647651154,0.026516224833672435,2.0,0.2771287475131696,1.3363795815663861,197.5549925251137
circles,nonconvex,Spectral,23,500,2,2,0.0871783000184223,1.0,1.0,2.0,0.1467131656278202,215.7044640712408,0.009171906148004717
circles,nonconvex,DBSCAN,23,500,2,2,0.004688999964855611,0.5875215804647994,0.585894268546162,9.0,0.24400121025096383,0.7463649706341654,159.0310385166064
circles,nonconvex,CompactRefineOnly,23,500,2,2,0.010002000024542212,-0.001943774850599216,4.6170754553780054e-05,2.0,0.33450820127233966,1.2154693738478826,268.16913598679434
noisy_moons,nonconvex,MBC,23,500,2,2,0.48381549993064255,0.21047916521169532,0.31532092465022504,2.0,0.32419652427632284,0.9120989163986635,256.3213961327432
noisy_moons,nonconvex,KMeans,23,500,2,2,0.10181489994283766,0.4613222126193972,0.3668993933811532,2.0,0.4791480443169323,0.830967016130431,645.7513060338413
noisy_moons,nonconvex,GMM,23,500,2,2,0.007201500004157424,0.4778223906611759,0.38398796566982396,2.0,0.47967844150855476,0.8296497814848595,644.1955500084994
noisy_moons,nonconvex,Agglomerative,23,500,2,2,0.0055581999476999044,0.49469208244679586,0.514162368087705,2.0,0.42142369554934794,0.877583128090014,480.2027616507973
noisy_moons,nonconvex,Spectral,23,500,2,2,0.07529890001751482,0.6457270377737239,0.5936553229096327,2.0,0.4417294215931375,0.8773795033913099,540.0276597913817
noisy_moons,nonconvex,DBSCAN,23,500,2,2,0.00596199999563396,0.8099350902985646,0.7378083039002123,5.0,-0.07045193217826583,3.621819488032847,113.68187642257843
noisy_moons,nonconvex,CompactRefineOnly,23,500,2,2,0.011437599896453321,0.4613222126193972,0.3668993933811532,2.0,0.4791480443169323,0.830967016130431,645.7513060338413
noisy_circles,nonconvex,MBC,23,500,2,2,0.5410011999774724,1.0,1.0,2.0,0.11247774859058761,368.04994744603664,0.0032851228530015827
noisy_circles,nonconvex,KMeans,23,500,2,2,0.10744859999977052,-0.0018629382627001906,0.00010393310367627851,2.0,0.35294939554446253,1.180373997397571,287.527739456932
noisy_circles,nonconvex,GMM,23,500,2,2,0.008330199983902276,-0.0020075170403125253,0.0,2.0,0.3491915917599322,1.1883532366816554,283.7621262468548
noisy_circles,nonconvex,Agglomerative,23,500,2,2,0.0054258001036942005,0.008031967229573703,0.00732562257195435,2.0,0.33126307105901054,1.2314304107964593,256.64321308026507
noisy_circles,nonconvex,Spectral,23,500,2,2,0.07346089999191463,0.9919999681285151,0.981182940453905,2.0,0.11336387443658615,179.96011743399427,0.013777151443740972
noisy_circles,nonconvex,DBSCAN,23,500,2,2,0.005829300032928586,0.5318883860100821,0.5033099689349732,16.0,0.10095876348405863,0.625072121301148,108.55581198755769
noisy_circles,nonconvex,CompactRefineOnly,23,500,2,2,0.009833599906414747,-0.001863453276431181,0.00010389689446032872,2.0,0.35285026304345124,1.180687415234253,287.4553751948125
varied_density,synthetic_density,MBC,23,500,2,3,0.32932649995200336,0.029175271865961014,0.10167350199298723,3.0,0.1080665847150598,0.7261463845867838,42.642641331256925
varied_density,synthetic_density,KMeans,23,500,2,3,0.11797619995195419,0.5461192143345204,0.583411141320277,3.0,0.4401156539377201,0.7677440688279291,430.2288428505095
varied_density,synthetic_density,GMM,23,500,2,3,0.014765799976885319,0.9438054223078043,0.9180814355205048,3.0,0.3756257986346802,1.104565028590639,283.5140962744429
varied_density,synthetic_density,Agglomerative,23,500,2,3,0.008096300065517426,0.670274913623305,0.707610004153841,3.0,0.4421727526142416,0.7719253143934891,412.92017284084517
varied_density,synthetic_density,Spectral,23,500,2,3,0.08816269994713366,0.5297681747072498,0.5990697850051292,3.0,0.43120980460142083,0.7183063501631608,380.6501204936412
varied_density,synthetic_density,DBSCAN,23,500,2,3,0.006167999934405088,0.6611008746076716,0.6416885148343414,9.0,0.2643172552105106,0.6099676945755752,298.74790719194027
varied_density,synthetic_density,CompactRefineOnly,23,500,2,3,0.02261400001589209,0.5461192143345204,0.583411141320277,3.0,0.4401156539377201,0.7677440688279291,430.2288428505095
anisotropic_blobs,synthetic_gaussian,MBC,23,500,2,4,0.22961130004841834,1.0,1.0,4.0,0.8271414379607374,0.2607470657398048,7462.089040301855
anisotropic_blobs,synthetic_gaussian,KMeans,23,500,2,4,0.10369469993747771,1.0,1.0,4.0,0.8271414379607374,0.26074706573980483,7462.089040301855
anisotropic_blobs,synthetic_gaussian,GMM,23,500,2,4,0.008147699991241097,1.0,1.0,4.0,0.8271414379607374,0.26074706573980483,7462.089040301855
anisotropic_blobs,synthetic_gaussian,Agglomerative,23,500,2,4,0.006513800006359816,1.0,1.0,4.0,0.8271414379607374,0.2607470657398048,7462.089040301855
anisotropic_blobs,synthetic_gaussian,Spectral,23,500,2,4,0.079930100007914,1.0,1.0,4.0,0.8271414379607374,0.2607470657398048,7462.089040301855
anisotropic_blobs,synthetic_gaussian,DBSCAN,23,500,2,4,0.006850800011307001,0.8098589998361413,0.8252730320396521,7.0,0.5610525757158829,0.5127301280297965,6136.018260523088
anisotropic_blobs,synthetic_gaussian,CompactRefineOnly,23,500,2,4,0.010100799961946905,1.0,1.0,4.0,0.8271414379607374,0.26074706573980483,7462.089040301855
ecoli,real_tabular,MBC,23,336,7,8,0.2644517000298947,0.5387775927341363,0.6520389374637955,8.0,0.266205958899086,1.0830853321125296,162.74676397197322
ecoli,real_tabular,KMeans,23,336,7,8,0.14770079997833818,0.5107635179912703,0.6412260534652359,8.0,0.26055028769797817,1.0915407079628783,163.15200213026583
ecoli,real_tabular,GMM,23,336,7,8,0.04218700004275888,0.613689175918579,0.5909079848531873,8.0,0.13633602285864047,1.9051117435874927,104.20985285043369
ecoli,real_tabular,Agglomerative,23,336,7,8,0.0038620999548584223,0.5182496729933496,0.639449833266893,8.0,0.2284948000462594,1.237582261608874,149.92450575347806
ecoli,real_tabular,Spectral,23,336,7,8,0.06546089996118098,0.3727055048109451,0.583579966436973,8.0,0.224769331398435,1.3065333404074813,87.26398534697456
ecoli,real_tabular,DBSCAN,23,336,7,8,0.008707999950274825,0.5016688482150401,0.5041145090894087,2.0,0.4143094158924071,0.9643542172042887,209.7680895558894
ecoli,real_tabular,CompactRefineOnly,23,336,7,8,0.0430523999966681,0.4941919748279308,0.6315492887998566,8.0,0.26177901076518145,1.080871280315197,162.7335811434806
glass,real_tabular,MBC,23,214,9,6,0.20580509991850704,0.1727998457370339,0.3206853964645752,6.0,0.32172633886704266,0.9893924397496047,62.866201485388
glass,real_tabular,KMeans,23,214,9,6,0.10102429997641593,0.1718918835330082,0.3172352989864885,6.0,0.32134390443898636,0.9901045077740305,62.92017386352557
glass,real_tabular,GMM,23,214,9,6,0.026616199989803135,0.1611524285132461,0.3130345394067107,6.0,0.20468857985272787,2.0068365049285295,41.300274877476
glass,real_tabular,Agglomerative,23,214,9,6,0.0017860999796539545,0.1350688630167201,0.29549358101988915,6.0,0.2822125890914785,1.0228645354777515,55.89773954009622
glass,real_tabular,Spectral,23,214,9,6,0.042114100069738925,0.2251590943572106,0.36789732067442216,6.0,0.180701162712908,1.521057021993869,40.59089810826337
glass,real_tabular,DBSCAN,23,214,9,6,0.005869499989785254,0.2248791556359338,0.3260759109262737,2.0,0.5663839750138853,0.5535985363116039,81.58688397922029
glass,real_tabular,CompactRefineOnly,23,214,9,6,0.016683800029568374,0.23539624078366642,0.38003278727443857,6.0,0.3584609865169451,0.8964499534902401,55.75153201846906
vehicle,real_tabular,MBC,23,846,10,4,1.5521683000260964,0.0760410408020482,0.11622297983898575,4.0,0.3103334442832632,1.0508461305269583,446.24849645701397
vehicle,real_tabular,KMeans,23,846,10,4,0.156059900065884,0.07612445208069152,0.11648453669873902,4.0,0.3103009817804056,1.0500180040586127,446.2589756245298
vehicle,real_tabular,GMM,23,846,10,4,0.038489699945785105,0.07196883739566791,0.1467358099623918,4.0,0.2589440970229849,1.6346543041234105,314.4315804659252
vehicle,real_tabular,Agglomerative,23,846,10,4,0.016592000029049814,0.10797137665832475,0.13934589980356654,4.0,0.2889112745844362,1.0615196073482824,406.0875748410868
vehicle,real_tabular,Spectral,23,846,10,4,0.10147549991961569,0.10921253926603047,0.175258311245688,4.0,0.24994083861983338,1.2019248941965577,335.21432488954565
vehicle,real_tabular,DBSCAN,23,846,10,4,0.03754359995946288,0.10193658181845562,0.15189153649860856,4.0,0.1277695202966834,1.0327143971231987,264.2308444605798
vehicle,real_tabular,CompactRefineOnly,23,846,10,4,0.050869799917563796,0.07468978511360598,0.11537233660090937,4.0,0.3095410212980544,1.0481821313998398,446.1486799910726
cmc,real_tabular,MBC,23,1473,9,3,2.2022626000689343,0.022690692429906647,0.04278732825078911,3.0,0.20085337463405423,1.7059258040273877,321.33075556415577
cmc,real_tabular,KMeans,23,1473,9,3,0.18217839999124408,0.023244646958711937,0.04317031773978956,3.0,0.20081765223850556,1.7058769320911307,321.32920417037985
cmc,real_tabular,GMM,23,1473,9,3,0.031905599986203015,0.005809724337115397,0.019623140120340013,3.0,0.23363855449141113,1.430645795149714,266.6676374877454
cmc,real_tabular,Agglomerative,23,1473,9,3,0.05471980001311749,0.005809724337115397,0.019623140120340013,3.0,0.23363855449141113,1.430645795149714,266.6676374877454
cmc,real_tabular,Spectral,23,1473,9,3,0.26738510001450777,0.006085060021985198,0.01981837036991349,3.0,0.232293254433905,1.426348533520371,266.4412090194602
cmc,real_tabular,DBSCAN,23,1473,9,3,0.08463050005957484,0.02242877669648596,0.02644883937844782,4.0,0.23155420541866073,1.441546783112801,187.02339821848767
cmc,real_tabular,CompactRefineOnly,23,1473,9,3,0.04330309992656112,0.02567048711606469,0.04138691673716313,3.0,0.17227340890818943,1.8258925830402315,307.5627544234925
wdbc,real_tabular,MBC,23,569,10,2,0.44876159995328635,0.6707206476880808,0.554612218410556,2.0,0.35798642260745267,1.2596588947907137,288.1245704093846
wdbc,real_tabular,KMeans,23,569,10,2,0.11337090004235506,0.6536246043910179,0.5324078598532422,2.0,0.35646070301443616,1.2679003596355702,288.1041630687987
wdbc,real_tabular,GMM,23,569,10,2,0.04350699996575713,0.13708037576279067,0.0779900499088246,2.0,0.26337936344015267,2.1873617547980837,101.35084439073911
wdbc,real_tabular,Agglomerative,23,569,10,2,0.011576800025068223,0.7018952886855787,0.6141736421213969,2.0,0.29599304025117806,1.3804594204571048,244.09434200144565
wdbc,real_tabular,Spectral,23,569,10,2,0.07379049994051456,0.7486091377059557,0.6413953072137877,2.0,0.3511534662654906,1.2670275079864888,282.8606382537845
wdbc,real_tabular,DBSCAN,23,569,10,2,0.023469300009310246,0.11963603806518647,0.07118102722755155,1.0,,,
wdbc,real_tabular,CompactRefineOnly,23,569,10,2,0.014278699993155897,0.6536246043910179,0.5324078598532422,2.0,0.35646070301443616,1.2679003596355702,288.1041630687987
