dataset,family,algorithm,seed,n_samples,n_features,true_clusters,seconds,ari,nmi,clusters_found,silhouette,davies_bouldin,calinski_harabasz
iris,real_low_dim,MBC,3,150,4,3,0.16971320006996393,0.6100728505285608,0.6525582020084985,3.0,0.45937792074496625,0.8340001544731056,241.8932623680683
iris,real_low_dim,MBC_no_compact,3,150,4,3,0.1526489001698792,0.5681159420289855,0.7336804366512104,2.0,0.5817500491982808,0.5933126905762435,251.34933946458108
iris,real_low_dim,MBC_no_polarity,3,150,4,3,0.15150579996407032,0.6100728505285608,0.6525582020084985,3.0,0.45937792074496625,0.8340001544731056,241.8932623680683
iris,real_low_dim,MBC_no_capillary,3,150,4,3,0.15515750041231513,0.6100728505285608,0.6525582020084985,3.0,0.45937792074496625,0.8340001544731056,241.8932623680683
iris,real_low_dim,MBC_micro_only,3,150,4,3,0.1611204002983868,0.46971946387878893,0.6236559907345861,5.0,0.3430762157306018,0.9586527253250152,195.79852027763383
wine,real_tabular,MBC,3,178,10,3,0.19350859988480806,0.8974949815093207,0.8758935341223069,3.0,0.29867482943692875,1.3363263335155775,76.17957977418824
wine,real_tabular,MBC_no_compact,3,178,10,3,0.18320129998028278,0.42347468791626597,0.5405174837986283,3.0,0.26200569613896163,1.101465926458742,36.47815265195182
wine,real_tabular,MBC_no_polarity,3,178,10,3,0.2074448000639677,0.8974949815093207,0.8758935341223069,3.0,0.29867482943692875,1.3363263335155775,76.17957977418824
wine,real_tabular,MBC_no_capillary,3,178,10,3,0.19638820039108396,0.8974949815093207,0.8758935341223069,3.0,0.29867482943692875,1.3363263335155775,76.17957977418824
wine,real_tabular,MBC_micro_only,3,178,10,3,0.20068249991163611,0.7029174223388556,0.702006831177421,9.0,0.22005076472187193,1.291489846041635,31.05382651103518
breast_cancer,real_tabular,MBC,3,569,10,2,0.39275640016421676,0.6707206476880808,0.5546122184105559,2.0,0.35798642169843203,1.2596589047411835,288.12456737363806
breast_cancer,real_tabular,MBC_no_compact,3,569,10,2,0.394308699760586,0.017291523464991028,0.0337862895590018,2.0,0.46023917887573074,0.8592339644804422,32.04552344509241
breast_cancer,real_tabular,MBC_no_polarity,3,569,10,2,0.39623080007731915,0.6707206476880808,0.5546122184105559,2.0,0.35798642169843203,1.2596589047411835,288.12456737363806
breast_cancer,real_tabular,MBC_no_capillary,3,569,10,2,0.39938409999012947,0.6707206476880808,0.5546122184105559,2.0,0.35798642169843203,1.2596589047411835,288.12456737363806
breast_cancer,real_tabular,MBC_micro_only,3,569,10,2,0.3528545000590384,0.4507106880472348,0.3887101868839955,14.0,0.15438282202284268,1.5171019991576702,68.25143437288918
digits_0_4,real_image_features,MBC,3,901,10,5,0.7474739998579025,0.7725597798917779,0.7856253023795009,5.0,0.2986109286117632,1.4592875785929444,212.5620070534068
digits_0_4,real_image_features,MBC_no_compact,3,901,10,5,0.7195246000774205,0.040638477486505654,0.1945731888450127,5.0,0.0018320296396188939,1.2742475435597043,44.09267157117363
digits_0_4,real_image_features,MBC_no_polarity,3,901,10,5,0.7419314999133348,0.7725597798917779,0.7856253023795009,5.0,0.2986109286117632,1.4592875785929444,212.5620070534068
digits_0_4,real_image_features,MBC_no_capillary,3,901,10,5,0.7735232003033161,0.7725597798917779,0.7856253023795009,5.0,0.2986109286117632,1.4592875785929444,212.5620070534068
digits_0_4,real_image_features,MBC_micro_only,3,901,10,5,0.7672677002847195,0.5772401448679413,0.7049729039828777,17.0,0.2651050155589191,1.309686042029878,155.4164461743847
two_moons,nonconvex,MBC,3,500,2,2,0.312476699706167,1.0,1.0,2.0,0.3867272174102928,1.022225217666501,431.2659781839111
two_moons,nonconvex,MBC_no_compact,3,500,2,2,0.28364619985222816,1.0,1.0,2.0,0.3867272174102928,1.022225217666501,431.2659781839111
two_moons,nonconvex,MBC_no_polarity,3,500,2,2,0.2860822002403438,1.0,1.0,2.0,0.3867272174102928,1.022225217666501,431.2659781839111
two_moons,nonconvex,MBC_no_capillary,3,500,2,2,0.28348860004916787,1.0,1.0,2.0,0.3867272174102928,1.022225217666501,431.2659781839111
two_moons,nonconvex,MBC_micro_only,3,500,2,2,0.28174009965732694,0.1460004454840001,0.41894332388221545,14.0,0.47808628443837337,0.6021435926253961,1282.6289551518598
circles,nonconvex,MBC,3,500,2,2,0.39789409982040524,1.0,1.0,2.0,0.15131901664062075,451.7181194046991,0.0020784999827414257
circles,nonconvex,MBC_no_compact,3,500,2,2,0.41561559960246086,1.0,1.0,2.0,0.15131901664062075,451.7181194046991,0.0020784999827414257
circles,nonconvex,MBC_no_polarity,3,500,2,2,0.39582209987565875,1.0,1.0,2.0,0.15131901664062075,451.7181194046991,0.0020784999827414257
circles,nonconvex,MBC_no_capillary,3,500,2,2,0.415593299549073,1.0,1.0,2.0,0.15131901664062075,451.7181194046991,0.0020784999827414257
circles,nonconvex,MBC_micro_only,3,500,2,2,0.4168279003351927,0.11876358418841505,0.38609656788690216,20.0,0.4727748170613039,0.5617579320802459,826.4361033576159
noisy_moons,nonconvex,MBC,3,500,2,2,0.42520829988643527,0.2528871199243066,0.3466160782931321,2.0,0.35174421488882024,0.9132933250953112,302.29457258423145
noisy_moons,nonconvex,MBC_no_compact,3,500,2,2,0.4066200000233948,0.2528871199243066,0.3466160782931321,2.0,0.35174421488882024,0.9132933250953112,302.29457258423145
noisy_moons,nonconvex,MBC_no_polarity,3,500,2,2,0.39262850023806095,0.0,0.0,1.0,,,
noisy_moons,nonconvex,MBC_no_capillary,3,500,2,2,0.40402620006352663,0.2528871199243066,0.3466160782931321,2.0,0.35174421488882024,0.9132933250953112,302.29457258423145
noisy_moons,nonconvex,MBC_micro_only,3,500,2,2,0.4212533999234438,0.10956486038200683,0.3701686278242325,19.0,0.36759670755542007,0.7875373981506048,807.1635689652468
noisy_circles,nonconvex,MBC,3,500,2,2,0.46190789993852377,1.0,1.0,2.0,0.10915402952094798,165.17423967968145,0.016402569869926296
noisy_circles,nonconvex,MBC_no_compact,3,500,2,2,0.453670899849385,1.0,1.0,2.0,0.10915402952094798,165.17423967968145,0.016402569869926296
noisy_circles,nonconvex,MBC_no_polarity,3,500,2,2,0.4424808002077043,1.0,1.0,2.0,0.10915402952094798,165.17423967968145,0.016402569869926296
noisy_circles,nonconvex,MBC_no_capillary,3,500,2,2,0.4362337999045849,1.0,1.0,2.0,0.10915402952094798,165.17423967968145,0.016402569869926296
noisy_circles,nonconvex,MBC_micro_only,3,500,2,2,0.41546319983899593,0.10454067665497901,0.37504218205577816,22.0,0.4515633036918204,0.5991461235441524,734.9581297312443
varied_density,synthetic_density,MBC,3,500,2,3,0.30537289986386895,0.01725828399237998,0.06810610806141494,3.0,0.38054926006741974,0.5283432383157698,47.44092094851247
varied_density,synthetic_density,MBC_no_compact,3,500,2,3,0.2811258998699486,0.01725828399237998,0.06810610806141494,3.0,0.38054926006741974,0.5283432383157698,47.44092094851247
varied_density,synthetic_density,MBC_no_polarity,3,500,2,3,0.2757649999111891,0.01725828399237998,0.06810610806141494,3.0,0.38054926006741974,0.5283432383157698,47.44092094851247
varied_density,synthetic_density,MBC_no_capillary,3,500,2,3,0.27837050007656217,0.01725828399237998,0.06810610806141494,3.0,0.38054926006741974,0.5283432383157698,47.44092094851247
varied_density,synthetic_density,MBC_micro_only,3,500,2,3,0.288147599902004,0.28465575281478794,0.4848823085752995,13.0,0.3612282043316307,0.7632331054824733,498.9111953368374
anisotropic_blobs,synthetic_gaussian,MBC,3,500,2,4,0.1962823998183012,1.0,1.0,4.0,0.7386996617939522,0.35781784898560803,4270.878641362983
anisotropic_blobs,synthetic_gaussian,MBC_no_compact,3,500,2,4,0.1928466996178031,1.0,1.0,4.0,0.7386996617939522,0.35781784898560803,4270.878641362983
anisotropic_blobs,synthetic_gaussian,MBC_no_polarity,3,500,2,4,0.1877047996968031,1.0,1.0,4.0,0.7386996617939522,0.35781784898560803,4270.878641362983
anisotropic_blobs,synthetic_gaussian,MBC_no_capillary,3,500,2,4,0.18150349985808134,1.0,1.0,4.0,0.7386996617939522,0.35781784898560803,4270.878641362983
anisotropic_blobs,synthetic_gaussian,MBC_micro_only,3,500,2,4,0.17447669990360737,0.8080519764235402,0.8654112290323273,8.0,0.556488748176369,0.6968951300140392,3565.4425166164215
ecoli,real_tabular,MBC,3,336,7,8,0.17104659974575043,0.511720691447483,0.6393420760784769,8.0,0.2600049755569184,1.0883441568852685,163.04415305045495
ecoli,real_tabular,MBC_no_compact,3,336,7,8,0.14549299981445074,0.047324104053972964,0.1218961486350463,4.0,0.2594133086053327,1.1990625876078536,37.14438554975811
ecoli,real_tabular,MBC_no_polarity,3,336,7,8,0.16944029973819852,0.511720691447483,0.6393420760784769,8.0,0.2600049755569184,1.0883441568852685,163.04415305045495
ecoli,real_tabular,MBC_no_capillary,3,336,7,8,0.16299370024353266,0.511720691447483,0.6393420760784769,8.0,0.2600049755569184,1.0883441568852685,163.04415305045495
ecoli,real_tabular,MBC_micro_only,3,336,7,8,0.16413119994103909,0.635741728844286,0.5840354661269214,6.0,0.3833144498319392,1.050516873366517,106.95888524987083
glass,real_tabular,MBC,3,214,9,6,0.1489347000606358,0.1432243010535837,0.27152394317620926,6.0,0.32459145227313213,0.979216638384298,62.474523071472724
glass,real_tabular,MBC_no_compact,3,214,9,6,0.1280098999850452,0.18304891605162266,0.3537002745615095,5.0,0.4378526054325514,1.0896884974383616,43.60397060138231
glass,real_tabular,MBC_no_polarity,3,214,9,6,0.141170599963516,0.1432243010535837,0.27152394317620926,6.0,0.32459145227313213,0.979216638384298,62.474523071472724
glass,real_tabular,MBC_no_capillary,3,214,9,6,0.13950320007279515,0.1432243010535837,0.27152394317620926,6.0,0.32459145227313213,0.979216638384298,62.474523071472724
glass,real_tabular,MBC_micro_only,3,214,9,6,0.13830759981647134,0.18304891605162266,0.3537002745615095,5.0,0.4378526054325514,1.0896884974383616,43.60397060138231
vehicle,real_tabular,MBC,3,846,10,4,1.4800007999874651,0.07612445208069152,0.11648453669873902,4.0,0.3103009817804056,1.0500180040586127,446.25897562452974
vehicle,real_tabular,MBC_no_compact,3,846,10,4,1.4115304001607,0.029675461648687233,0.0904330459756285,4.0,0.02316879178384601,1.3072044829609313,111.32541953774852
vehicle,real_tabular,MBC_no_polarity,3,846,10,4,1.3347259000875056,0.07612445208069152,0.11648453669873902,4.0,0.3103009817804056,1.0500180040586127,446.25897562452974
vehicle,real_tabular,MBC_no_capillary,3,846,10,4,1.4120808998122811,0.07612445208069152,0.11648453669873902,4.0,0.3103009817804056,1.0500180040586127,446.25897562452974
vehicle,real_tabular,MBC_micro_only,3,846,10,4,1.4131354996934533,0.08852313488931561,0.22182127506209334,27.0,0.1644386879703935,1.4917239834504263,158.33412343366243
cmc,real_tabular,MBC,3,1473,9,3,1.7842296999879181,0.023244646958711937,0.04317031773978956,3.0,0.20081765223850556,1.7058769320911307,321.32920417037985
cmc,real_tabular,MBC_no_compact,3,1473,9,3,1.7591242999769747,0.00675409614658382,0.021878950516483937,3.0,0.23140915047740632,1.4129522672585786,261.5135942470247
cmc,real_tabular,MBC_no_polarity,3,1473,9,3,1.7808428998105228,0.023244646958711937,0.04317031773978956,3.0,0.20081765223850556,1.7058769320911307,321.32920417037985
cmc,real_tabular,MBC_no_capillary,3,1473,9,3,1.810753300320357,0.023244646958711937,0.04317031773978956,3.0,0.20081765223850556,1.7058769320911307,321.32920417037985
cmc,real_tabular,MBC_micro_only,3,1473,9,3,1.8072031997144222,0.007293416552820643,0.03931452001618502,30.0,0.18417342722755356,1.4975275155900187,143.38927027768307
wdbc,real_tabular,MBC,3,569,10,2,0.34394680010154843,0.6707206476880808,0.554612218410556,2.0,0.35798642260745267,1.259658894790714,288.1245704093845
wdbc,real_tabular,MBC_no_compact,3,569,10,2,0.3261560997925699,0.017291523464991028,0.0337862895590018,2.0,0.4602391785256835,0.8592339647773637,32.0455233662212
wdbc,real_tabular,MBC_no_polarity,3,569,10,2,0.31932839984074235,0.6707206476880808,0.554612218410556,2.0,0.35798642260745267,1.259658894790714,288.1245704093845
wdbc,real_tabular,MBC_no_capillary,3,569,10,2,0.33901470014825463,0.6707206476880808,0.554612218410556,2.0,0.35798642260745267,1.259658894790714,288.1245704093845
wdbc,real_tabular,MBC_micro_only,3,569,10,2,0.33801710000261664,0.4507106880472348,0.38871018688399545,14.0,0.15438281876591742,1.5171020001237203,68.25143360641252
iris,real_low_dim,MBC,7,150,4,3,0.14994860021397471,0.6201351808870379,0.659486892724918,3.0,0.45994823920518635,0.8335949464754338,241.90440170183157
iris,real_low_dim,MBC_no_compact,7,150,4,3,0.14266159990802407,0.5437515388376617,0.6924541904553437,2.0,0.5770346019475988,0.5916560992933364,240.24566522437965
iris,real_low_dim,MBC_no_polarity,7,150,4,3,0.14723340002819896,0.6201351808870379,0.659486892724918,3.0,0.45994823920518635,0.8335949464754338,241.90440170183157
iris,real_low_dim,MBC_no_capillary,7,150,4,3,0.15174550004303455,0.6201351808870379,0.659486892724918,3.0,0.45994823920518635,0.8335949464754338,241.90440170183157
iris,real_low_dim,MBC_micro_only,7,150,4,3,0.1481995997019112,0.39675568815248446,0.5432000432687071,7.0,0.3384561000378797,0.8721177935526406,161.00254381907962
wine,real_tabular,MBC,7,178,10,3,0.17676680022850633,0.8974949815093207,0.8758935341223069,3.0,0.29867482943692875,1.3363263335155775,76.17957977418824
wine,real_tabular,MBC_no_compact,7,178,10,3,0.16667199973016977,-0.01027602053357585,0.05026238811434723,3.0,0.053233586949499784,1.4886440646493995,5.101102842005092
wine,real_tabular,MBC_no_polarity,7,178,10,3,0.16710210032761097,0.8974949815093207,0.8758935341223069,3.0,0.29867482943692875,1.3363263335155775,76.17957977418824
wine,real_tabular,MBC_no_capillary,7,178,10,3,0.1701715998351574,0.8974949815093207,0.8758935341223069,3.0,0.29867482943692875,1.3363263335155775,76.17957977418824
wine,real_tabular,MBC_micro_only,7,178,10,3,0.1870940998196602,0.7333177939850337,0.7395426151632328,7.0,0.24023174313170925,1.279558812155938,37.50114812040104
breast_cancer,real_tabular,MBC,7,569,10,2,0.3258245997130871,0.6707206476880808,0.5546122184105559,2.0,0.35798642169843203,1.2596589047411835,288.12456737363806
breast_cancer,real_tabular,MBC_no_compact,7,569,10,2,0.3113114000298083,0.014754127895842538,0.029230917160688052,2.0,0.4771024079800237,0.8105782742255567,30.259111651239376
breast_cancer,real_tabular,MBC_no_polarity,7,569,10,2,0.3202485996298492,0.6707206476880808,0.5546122184105559,2.0,0.35798642169843203,1.2596589047411835,288.12456737363806
breast_cancer,real_tabular,MBC_no_capillary,7,569,10,2,0.32284989999607205,0.6707206476880808,0.5546122184105559,2.0,0.35798642169843203,1.2596589047411835,288.12456737363806
breast_cancer,real_tabular,MBC_micro_only,7,569,10,2,0.333353899884969,0.36885928132071977,0.3800171728545495,15.0,0.15959398893425158,1.5591774753575558,69.80548444581622
digits_0_4,real_image_features,MBC,7,901,10,5,0.7449887003749609,0.7850577933881904,0.7932344237396985,5.0,0.29797881246626917,1.4635474925169862,212.2854615056062
digits_0_4,real_image_features,MBC_no_compact,7,901,10,5,0.6370871998369694,0.19279399232338823,0.37241826810445117,5.0,0.07510756113230393,1.959033438225887,65.78145328676993
digits_0_4,real_image_features,MBC_no_polarity,7,901,10,5,0.6595859001390636,0.7850577933881904,0.7932344237396985,5.0,0.29797881246626917,1.4635474925169862,212.2854615056062
digits_0_4,real_image_features,MBC_no_capillary,7,901,10,5,0.6285012997686863,0.7850577933881904,0.7932344237396985,5.0,0.29797881246626917,1.4635474925169862,212.2854615056062
digits_0_4,real_image_features,MBC_micro_only,7,901,10,5,0.6680195997469127,0.5780835561871129,0.6937609660807017,17.0,0.3153678605307892,1.3430000605045522,151.34300075268084
two_moons,nonconvex,MBC,7,500,2,2,0.29643839970231056,1.0,1.0,2.0,0.3853538871290773,1.0267588048449594,426.73751634855984
two_moons,nonconvex,MBC_no_compact,7,500,2,2,0.2873894004151225,1.0,1.0,2.0,0.3853538871290773,1.0267588048449594,426.73751634855984
two_moons,nonconvex,MBC_no_polarity,7,500,2,2,0.287559499964118,1.0,1.0,2.0,0.3853538871290773,1.0267588048449594,426.73751634855984
two_moons,nonconvex,MBC_no_capillary,7,500,2,2,0.2911056000739336,1.0,1.0,2.0,0.3853538871290773,1.0267588048449594,426.73751634855984
two_moons,nonconvex,MBC_micro_only,7,500,2,2,0.29630309995263815,0.1355597313445575,0.4074545815740649,16.0,0.4809272525802611,0.6155352983208999,1375.053736663312
circles,nonconvex,MBC,7,500,2,2,0.35363079980015755,1.0,1.0,2.0,0.14659481407839264,316.5630167905514,0.004263491992711545
circles,nonconvex,MBC_no_compact,7,500,2,2,0.35326450038701296,1.0,1.0,2.0,0.14659481407839264,316.5630167905514,0.004263491992711545
circles,nonconvex,MBC_no_polarity,7,500,2,2,0.3565913001075387,1.0,1.0,2.0,0.14659481407839264,316.5630167905514,0.004263491992711545
circles,nonconvex,MBC_no_capillary,7,500,2,2,0.3589952001348138,1.0,1.0,2.0,0.14659481407839264,316.5630167905514,0.004263491992711545
circles,nonconvex,MBC_micro_only,7,500,2,2,0.3547848002053797,0.11866705134488681,0.386600087360544,20.0,0.47449846920380956,0.5710342193873037,797.5274164664809
noisy_moons,nonconvex,MBC,7,500,2,2,0.3274893001653254,0.9919999681285151,0.981182940453905,2.0,0.37006986693649746,1.051324748213908,401.92449690146316
noisy_moons,nonconvex,MBC_no_compact,7,500,2,2,0.32275550020858645,0.9919999681285151,0.981182940453905,2.0,0.37006986693649746,1.051324748213908,401.92449690146316
noisy_moons,nonconvex,MBC_no_polarity,7,500,2,2,0.31800749991089106,0.0,0.0,1.0,,,
noisy_moons,nonconvex,MBC_no_capillary,7,500,2,2,0.3298249999061227,0.9919999681285151,0.981182940453905,2.0,0.37006986693649746,1.051324748213908,401.92449690146316
noisy_moons,nonconvex,MBC_micro_only,7,500,2,2,0.32052719965577126,0.13911791890812342,0.4041105721802387,16.0,0.40396050263193195,0.7451432550445725,869.3862600606042
noisy_circles,nonconvex,MBC,7,500,2,2,0.385920999571681,1.0,1.0,2.0,0.11418936803893037,171.93719552286376,0.015045595851648342
noisy_circles,nonconvex,MBC_no_compact,7,500,2,2,0.38416479993611574,1.0,1.0,2.0,0.11418936803893037,171.93719552286376,0.015045595851648342
noisy_circles,nonconvex,MBC_no_polarity,7,500,2,2,0.3819861998781562,1.0,1.0,2.0,0.11418936803893037,171.93719552286376,0.015045595851648342
noisy_circles,nonconvex,MBC_no_capillary,7,500,2,2,0.38312189979478717,1.0,1.0,2.0,0.11418936803893037,171.93719552286376,0.015045595851648342
noisy_circles,nonconvex,MBC_micro_only,7,500,2,2,0.3801048002205789,0.09929537299655089,0.374710939021799,21.0,0.4679405153696763,0.5777679270503273,812.103246432582
varied_density,synthetic_density,MBC,7,500,2,3,0.26277330005541444,0.02864425062960093,0.09898325997605345,3.0,0.29788842829366,0.5786746104631361,62.25899582370009
varied_density,synthetic_density,MBC_no_compact,7,500,2,3,0.25394250033423305,0.02864425062960093,0.09898325997605345,3.0,0.29788842829366,0.5786746104631361,62.25899582370009
varied_density,synthetic_density,MBC_no_polarity,7,500,2,3,0.2547581996768713,0.02864425062960093,0.09898325997605345,3.0,0.29788842829366,0.5786746104631361,62.25899582370009
varied_density,synthetic_density,MBC_no_capillary,7,500,2,3,0.2508988999761641,0.02864425062960093,0.09898325997605345,3.0,0.29788842829366,0.5786746104631361,62.25899582370009
varied_density,synthetic_density,MBC_micro_only,7,500,2,3,0.2528741997666657,0.39114750149964705,0.5409100879884985,11.0,0.3948268578745444,0.7085752192385778,533.4314882448884
anisotropic_blobs,synthetic_gaussian,MBC,7,500,2,4,0.15044210013002157,1.0,1.0,4.0,0.8365461975467688,0.23753086747219604,8712.228213499815
anisotropic_blobs,synthetic_gaussian,MBC_no_compact,7,500,2,4,0.14088129997253418,1.0,1.0,4.0,0.8365461975467688,0.23753086747219604,8712.228213499815
anisotropic_blobs,synthetic_gaussian,MBC_no_polarity,7,500,2,4,0.14336680015549064,1.0,1.0,4.0,0.8365461975467688,0.23753086747219604,8712.228213499815
anisotropic_blobs,synthetic_gaussian,MBC_no_capillary,7,500,2,4,0.1405076002702117,1.0,1.0,4.0,0.8365461975467688,0.23753086747219604,8712.228213499815
anisotropic_blobs,synthetic_gaussian,MBC_micro_only,7,500,2,4,0.1398673001676798,0.9051527532298494,0.9231987977438193,6.0,0.6924952094990515,0.6290809492975743,7447.30498898251
ecoli,real_tabular,MBC,7,336,7,8,0.16783550009131432,0.5079066892753646,0.6406204745931141,8.0,0.26046685823449156,1.09123320162205,163.22216297233118
ecoli,real_tabular,MBC_no_compact,7,336,7,8,0.1447193999774754,0.2122565783191653,0.2965395340229246,3.0,0.2529420300666066,1.1822228614729455,74.81089581364974
ecoli,real_tabular,MBC_no_polarity,7,336,7,8,0.17259790003299713,0.5079066892753646,0.6406204745931141,8.0,0.26046685823449156,1.09123320162205,163.22216297233118
ecoli,real_tabular,MBC_no_capillary,7,336,7,8,0.21073420019820333,0.5079066892753646,0.6406204745931141,8.0,0.26046685823449156,1.09123320162205,163.22216297233118
ecoli,real_tabular,MBC_micro_only,7,336,7,8,0.1970942998304963,0.5264004811396913,0.5054434751185156,7.0,0.24314054668747853,1.3486627846062549,73.75488685858306
glass,real_tabular,MBC,7,214,9,6,0.15929490001872182,0.16370385100343157,0.30526194619923186,6.0,0.3247477063525023,0.9837854424816354,62.86368476201387
glass,real_tabular,MBC_no_compact,7,214,9,6,0.14051609998568892,0.2081649506021231,0.3282564971121708,6.0,0.35974275879739986,1.0350656763298884,26.595636970296386
glass,real_tabular,MBC_no_polarity,7,214,9,6,0.14896839996799827,0.16370385100343157,0.30526194619923186,6.0,0.3247477063525023,0.9837854424816354,62.86368476201387
glass,real_tabular,MBC_no_capillary,7,214,9,6,0.14992620004341006,0.16370385100343157,0.30526194619923186,6.0,0.3247477063525023,0.9837854424816354,62.86368476201387
glass,real_tabular,MBC_micro_only,7,214,9,6,0.1486285999417305,0.1994498812234002,0.3029158565412585,7.0,0.323826323914754,1.0255984856140656,29.999568592395534
vehicle,real_tabular,MBC,7,846,10,4,1.55208359984681,0.07612445208069152,0.11648453669873902,4.0,0.3103009817804056,1.0500180040586127,446.2589756245296
vehicle,real_tabular,MBC_no_compact,7,846,10,4,1.4858238999731839,0.0030643733623936546,0.0494389213004033,4.0,-0.020485613847803157,2.0072021859322913,32.64332627735116
vehicle,real_tabular,MBC_no_polarity,7,846,10,4,1.3307412001304328,0.07612445208069152,0.11648453669873902,4.0,0.3103009817804056,1.0500180040586127,446.2589756245296
vehicle,real_tabular,MBC_no_capillary,7,846,10,4,1.3996870997361839,0.07612445208069152,0.11648453669873902,4.0,0.3103009817804056,1.0500180040586127,446.2589756245296
vehicle,real_tabular,MBC_micro_only,7,846,10,4,1.4865776998922229,0.09293334493505467,0.2409576407722056,29.0,0.15593022792314434,1.5295867007595296,151.948007065755
cmc,real_tabular,MBC,7,1473,9,3,2.01319279987365,0.023244646958711937,0.043170317739789556,3.0,0.20081765223850556,1.7058769320911307,321.3292041703798
cmc,real_tabular,MBC_no_compact,7,1473,9,3,2.1490401001647115,0.006475310350270278,0.0210062429924045,3.0,0.23120447654182125,1.417403933644124,261.28711983983294
cmc,real_tabular,MBC_no_polarity,7,1473,9,3,2.1116038002073765,0.023244646958711937,0.043170317739789556,3.0,0.20081765223850556,1.7058769320911307,321.3292041703798
cmc,real_tabular,MBC_no_capillary,7,1473,9,3,2.1743044001050293,0.023244646958711937,0.043170317739789556,3.0,0.20081765223850556,1.7058769320911307,321.3292041703798
cmc,real_tabular,MBC_micro_only,7,1473,9,3,2.2585227000527084,0.00739365355823808,0.04023821051946279,32.0,0.1760691537389112,1.5306784427452924,137.64220735058177
wdbc,real_tabular,MBC,7,569,10,2,0.3527188003063202,0.6707206476880808,0.554612218410556,2.0,0.35798642260745267,1.259658894790714,288.1245704093845
wdbc,real_tabular,MBC_no_compact,7,569,10,2,0.3148114997893572,0.014754127895842538,0.029230917160688052,2.0,0.47710240685532634,0.8105782734106284,30.259111540788556
wdbc,real_tabular,MBC_no_polarity,7,569,10,2,0.3394781001843512,0.6707206476880808,0.554612218410556,2.0,0.35798642260745267,1.259658894790714,288.1245704093845
wdbc,real_tabular,MBC_no_capillary,7,569,10,2,0.3362700999714434,0.6707206476880808,0.554612218410556,2.0,0.35798642260745267,1.259658894790714,288.1245704093845
wdbc,real_tabular,MBC_micro_only,7,569,10,2,0.37099620001390576,0.36885928132071977,0.38001717285454956,15.0,0.1595939882145911,1.5591774686488449,69.80548407522959
iris,real_low_dim,MBC,11,150,4,3,0.1719549996778369,0.6201351808870379,0.659486892724918,3.0,0.45994823920518635,0.8335949464754338,241.90440170183157
iris,real_low_dim,MBC_no_compact,11,150,4,3,0.14563960023224354,0.5583714437541352,0.720117603611598,3.0,0.504645610832545,0.492925227682915,131.53589557747262
iris,real_low_dim,MBC_no_polarity,11,150,4,3,0.15120849991217256,0.6201351808870379,0.659486892724918,3.0,0.45994823920518635,0.8335949464754338,241.90440170183157
iris,real_low_dim,MBC_no_capillary,11,150,4,3,0.1445021997205913,0.6201351808870379,0.659486892724918,3.0,0.45994823920518635,0.8335949464754338,241.90440170183157
iris,real_low_dim,MBC_micro_only,11,150,4,3,0.1523556997999549,0.406862195932573,0.5844010490402607,7.0,0.32603639167014054,0.8704003675434849,154.598407146981
wine,real_tabular,MBC,11,178,10,3,0.22759109968319535,0.8974949815093207,0.8758935341223069,3.0,0.29867482943692875,1.3363263335155775,76.17957977418824
wine,real_tabular,MBC_no_compact,11,178,10,3,0.18405969999730587,-0.0015385119771071992,0.01687822596287048,3.0,0.048537547271841175,1.1524666268685353,2.3734955331115097
wine,real_tabular,MBC_no_polarity,11,178,10,3,0.19371640030294657,0.8974949815093207,0.8758935341223069,3.0,0.29867482943692875,1.3363263335155775,76.17957977418824
wine,real_tabular,MBC_no_capillary,11,178,10,3,0.19630119996145368,0.8974949815093207,0.8758935341223069,3.0,0.29867482943692875,1.3363263335155775,76.17957977418824
wine,real_tabular,MBC_micro_only,11,178,10,3,0.1940357000567019,0.7313551927625639,0.748319426964501,8.0,0.23445559326009457,1.2683576892479804,33.47364743775948
breast_cancer,real_tabular,MBC,11,569,10,2,0.3758279997855425,0.6707206476880808,0.554612218410556,2.0,0.35798642169843203,1.2596589047411835,288.12456737363806
breast_cancer,real_tabular,MBC_no_compact,11,569,10,2,0.34942989982664585,0.025924728477551076,0.037099581922324855,2.0,0.4542339814641919,1.0916582163863948,43.49999475322658
breast_cancer,real_tabular,MBC_no_polarity,11,569,10,2,0.34888500021770597,0.6707206476880808,0.554612218410556,2.0,0.35798642169843203,1.2596589047411835,288.12456737363806
breast_cancer,real_tabular,MBC_no_capillary,11,569,10,2,0.354231100063771,0.6707206476880808,0.554612218410556,2.0,0.35798642169843203,1.2596589047411835,288.12456737363806
breast_cancer,real_tabular,MBC_micro_only,11,569,10,2,0.36352450028061867,0.40115760804121336,0.37997141379077665,13.0,0.14420846853026062,1.4922898041764445,76.61654459678608
digits_0_4,real_image_features,MBC,11,901,10,5,0.7099709999747574,0.7795342806637048,0.7908219663678139,5.0,0.2988193261513053,1.4587551572775124,212.5701369947959
digits_0_4,real_image_features,MBC_no_compact,11,901,10,5,0.7428016997873783,0.18494169113924225,0.42720889696854264,5.0,0.12416670761022396,1.3121678403596355,65.6353258630044
digits_0_4,real_image_features,MBC_no_polarity,11,901,10,5,0.7269152998924255,0.7795342806637048,0.7908219663678139,5.0,0.2988193261513053,1.4587551572775124,212.5701369947959
digits_0_4,real_image_features,MBC_no_capillary,11,901,10,5,0.6753890998661518,0.7795342806637048,0.7908219663678139,5.0,0.2988193261513053,1.4587551572775124,212.5701369947959
digits_0_4,real_image_features,MBC_micro_only,11,901,10,5,0.6929612001404166,0.589940534124685,0.7095704753148834,16.0,0.3244054589923412,1.3598180094359156,164.20407330157022
two_moons,nonconvex,MBC,11,500,2,2,0.37784590013325214,1.0,1.0,2.0,0.3867892578699578,1.0196572621846878,433.607359029
two_moons,nonconvex,MBC_no_compact,11,500,2,2,0.32995539996773005,1.0,1.0,2.0,0.3867892578699578,1.0196572621846878,433.607359029
two_moons,nonconvex,MBC_no_polarity,11,500,2,2,0.4073887998238206,1.0,1.0,2.0,0.3867892578699578,1.0196572621846878,433.607359029
two_moons,nonconvex,MBC_no_capillary,11,500,2,2,0.3122554998844862,1.0,1.0,2.0,0.3867892578699578,1.0196572621846878,433.607359029
two_moons,nonconvex,MBC_micro_only,11,500,2,2,0.3137405999004841,0.1437643353993945,0.4136073438055301,15.0,0.4740732739014836,0.6211837042933567,1338.5902433489587
circles,nonconvex,MBC,11,500,2,2,0.3792228000238538,1.0,1.0,2.0,0.14955096969121412,231.39625841991122,0.007934454639328632
circles,nonconvex,MBC_no_compact,11,500,2,2,0.36465669982135296,1.0,1.0,2.0,0.14955096969121412,231.39625841991122,0.007934454639328632
circles,nonconvex,MBC_no_polarity,11,500,2,2,0.36840099981054664,1.0,1.0,2.0,0.14955096969121412,231.39625841991122,0.007934454639328632
circles,nonconvex,MBC_no_capillary,11,500,2,2,0.37437979970127344,1.0,1.0,2.0,0.14955096969121412,231.39625841991122,0.007934454639328632
circles,nonconvex,MBC_micro_only,11,500,2,2,0.3715018001385033,0.11462872732051399,0.3821135751055369,21.0,0.4626306131909273,0.5872239664722816,815.3047335501103
noisy_moons,nonconvex,MBC,11,500,2,2,0.33276710007339716,0.9760961032975123,0.9530566686527554,2.0,0.3631986595639186,1.0616721116079109,392.91694497769595
noisy_moons,nonconvex,MBC_no_compact,11,500,2,2,0.3294568997807801,0.9760961032975123,0.9530566686527554,2.0,0.3631986595639186,1.0616721116079109,392.91694497769595
noisy_moons,nonconvex,MBC_no_polarity,11,500,2,2,0.3316043000668287,0.0,0.0,1.0,,,
noisy_moons,nonconvex,MBC_no_capillary,11,500,2,2,0.32540159998461604,0.9760961032975123,0.9530566686527554,2.0,0.3631986595639186,1.0616721116079109,392.91694497769595
noisy_moons,nonconvex,MBC_micro_only,11,500,2,2,0.32892110012471676,0.12597379625053443,0.3916436277390162,16.0,0.40826453768450366,0.7386506582162476,847.739833475733
noisy_circles,nonconvex,MBC,11,500,2,2,0.3820751002058387,1.0,1.0,2.0,0.10928134856317809,217.54937257410393,0.009451252287637877
noisy_circles,nonconvex,MBC_no_compact,11,500,2,2,0.3680652999319136,1.0,1.0,2.0,0.10928134856317809,217.54937257410393,0.009451252287637877
noisy_circles,nonconvex,MBC_no_polarity,11,500,2,2,0.3704446996562183,1.0,1.0,2.0,0.10928134856317809,217.54937257410393,0.009451252287637877
noisy_circles,nonconvex,MBC_no_capillary,11,500,2,2,0.37515689991414547,1.0,1.0,2.0,0.10928134856317809,217.54937257410393,0.009451252287637877
noisy_circles,nonconvex,MBC_micro_only,11,500,2,2,0.3696904997341335,0.10817692685604699,0.38149471215600955,20.0,0.48474052239875426,0.5730142687541486,784.3224777854041
varied_density,synthetic_density,MBC,11,500,2,3,0.28059899993240833,-0.012111957388804545,0.042750845239418384,3.0,-0.15487677602600558,1.6242914250109681,5.248619219443115
varied_density,synthetic_density,MBC_no_compact,11,500,2,3,0.28352969978004694,-0.012111957388804545,0.042750845239418384,3.0,-0.15487677602600558,1.6242914250109681,5.248619219443115
varied_density,synthetic_density,MBC_no_polarity,11,500,2,3,0.285805799998343,0.0008686060600078471,0.004687265761174164,2.0,0.5209559173164617,0.3296711018711618,7.20514473751062
varied_density,synthetic_density,MBC_no_capillary,11,500,2,3,0.2764270999468863,0.02491449252838153,0.07364310024254456,3.0,0.2505582796722038,0.6431920982521557,40.77074908004194
varied_density,synthetic_density,MBC_micro_only,11,500,2,3,0.2857370004057884,0.25590503622156224,0.48216513265820965,16.0,0.36327612765377976,0.7829101285137712,498.10040820558646
anisotropic_blobs,synthetic_gaussian,MBC,11,500,2,4,0.19115770002827048,0.7344332091538052,0.8382499183857623,4.0,0.636643452611724,0.5184223171020894,2451.923111594775
anisotropic_blobs,synthetic_gaussian,MBC_no_compact,11,500,2,4,0.18761170003563166,0.7344332091538052,0.8382499183857623,4.0,0.636643452611724,0.5184223171020894,2451.923111594775
anisotropic_blobs,synthetic_gaussian,MBC_no_polarity,11,500,2,4,0.18363169999793172,0.7130534790109259,0.8571428571428569,3.0,0.7752773174803302,0.307598536125776,2330.5923173960414
anisotropic_blobs,synthetic_gaussian,MBC_no_capillary,11,500,2,4,0.18910619989037514,0.7103320439160987,0.8247506862823233,4.0,0.5199903002074153,0.8424799906490783,1728.7248388672108
anisotropic_blobs,synthetic_gaussian,MBC_micro_only,11,500,2,4,0.18697090027853847,0.7763325224523583,0.830111686220585,8.0,0.60590225863993,0.7497520785336509,3335.7662458371965
ecoli,real_tabular,MBC,11,336,7,8,0.1617405000142753,0.58575047718715,0.6229571286573624,8.0,0.29115559838755684,1.0327501688664358,161.00050824018828
ecoli,real_tabular,MBC_no_compact,11,336,7,8,0.14012799970805645,0.4254638448856761,0.5071931434319172,4.0,0.29267521078619363,1.2099542215410626,76.12513148094372
ecoli,real_tabular,MBC_no_polarity,11,336,7,8,0.15461489977315068,0.58575047718715,0.6229571286573624,8.0,0.29115559838755684,1.0327501688664358,161.00050824018828
ecoli,real_tabular,MBC_no_capillary,11,336,7,8,0.15338260028511286,0.58575047718715,0.6229571286573624,8.0,0.29115559838755684,1.0327501688664358,161.00050824018828
ecoli,real_tabular,MBC_micro_only,11,336,7,8,0.16459099994972348,0.7002421872225141,0.6479204547993019,6.0,0.3510931468798987,1.1221125080230838,93.8178658799521
glass,real_tabular,MBC,11,214,9,6,0.15229470003396273,0.1617017761898191,0.30060566327036853,6.0,0.3231127595435651,1.015433372062547,62.582572611388855
glass,real_tabular,MBC_no_compact,11,214,9,6,0.14230770012363791,0.17198936442518037,0.31785349117394335,6.0,0.38292645166174727,1.4483945841928767,28.58960218189011
glass,real_tabular,MBC_no_polarity,11,214,9,6,0.14847860019654036,0.1617017761898191,0.30060566327036853,6.0,0.3231127595435651,1.015433372062547,62.582572611388855
glass,real_tabular,MBC_no_capillary,11,214,9,6,0.1471629999577999,0.1617017761898191,0.30060566327036853,6.0,0.3231127595435651,1.015433372062547,62.582572611388855
glass,real_tabular,MBC_micro_only,11,214,9,6,0.14781720004975796,0.17198936442518037,0.31785349117394335,6.0,0.38292645166174727,1.4483945841928767,28.58960218189011
vehicle,real_tabular,MBC,11,846,10,4,1.242538099642843,0.07365142834964815,0.11433932501176308,4.0,0.30970977710529923,1.0496240081400736,446.2019616875899
vehicle,real_tabular,MBC_no_compact,11,846,10,4,1.1888143001124263,0.007140692289797274,0.0552268596713569,4.0,-0.017865399217057442,1.7828447414722486,86.68425685598305
vehicle,real_tabular,MBC_no_polarity,11,846,10,4,1.1601804997771978,0.07365142834964815,0.11433932501176308,4.0,0.30970977710529923,1.0496240081400736,446.2019616875899
vehicle,real_tabular,MBC_no_capillary,11,846,10,4,1.1896155001595616,0.07365142834964815,0.11433932501176308,4.0,0.30970977710529923,1.0496240081400736,446.2019616875899
vehicle,real_tabular,MBC_micro_only,11,846,10,4,1.2143355002626777,0.10047164957545016,0.24399880709104116,26.0,0.1654479207710967,1.4565070268745326,165.41714404464165
cmc,real_tabular,MBC,11,1473,9,3,1.7922010002657771,0.023244646958711937,0.043170317739789556,3.0,0.20081765223850556,1.7058769320911307,321.3292041703798
cmc,real_tabular,MBC_no_compact,11,1473,9,3,1.8198211998678744,0.00690018939916332,0.02150364320356976,3.0,0.23089843772079593,1.4118836840336921,260.5057371992425
cmc,real_tabular,MBC_no_polarity,11,1473,9,3,1.7915948000736535,0.023244646958711937,0.043170317739789556,3.0,0.20081765223850556,1.7058769320911307,321.3292041703798
cmc,real_tabular,MBC_no_capillary,11,1473,9,3,1.8678918997757137,0.023244646958711937,0.043170317739789556,3.0,0.20081765223850556,1.7058769320911307,321.3292041703798
cmc,real_tabular,MBC_micro_only,11,1473,9,3,1.8555499999783933,0.008043366560653709,0.03995352269052742,31.0,0.187819690000145,1.4724293722532118,141.92768254479947
wdbc,real_tabular,MBC,11,569,10,2,0.3694021999835968,0.6707206476880808,0.554612218410556,2.0,0.35798642260745267,1.259658894790714,288.1245704093845
wdbc,real_tabular,MBC_no_compact,11,569,10,2,0.3496187999844551,0.025924728477551076,0.037099581922324855,2.0,0.4542339830500783,1.0916582218162838,43.49999472099346
wdbc,real_tabular,MBC_no_polarity,11,569,10,2,0.32958299992606044,0.6707206476880808,0.554612218410556,2.0,0.35798642260745267,1.259658894790714,288.1245704093845
wdbc,real_tabular,MBC_no_capillary,11,569,10,2,0.368017400149256,0.6707206476880808,0.554612218410556,2.0,0.35798642260745267,1.259658894790714,288.1245704093845
wdbc,real_tabular,MBC_micro_only,11,569,10,2,0.3418235997669399,0.40115760804121336,0.3799714137907767,13.0,0.144208477800627,1.4922898270025349,76.61654349513557
iris,real_low_dim,MBC,19,150,4,3,0.15129509987309575,0.6100728505285608,0.6525582020084985,3.0,0.45937792074496625,0.8340001544731056,241.8932623680683
iris,real_low_dim,MBC_no_compact,19,150,4,3,0.13887020014226437,0.537807593632331,0.6740008363615821,3.0,0.4743340686446872,0.5750433961251064,142.69524126987986
iris,real_low_dim,MBC_no_polarity,19,150,4,3,0.14375199982896447,0.6100728505285608,0.6525582020084985,3.0,0.45937792074496625,0.8340001544731056,241.8932623680683
iris,real_low_dim,MBC_no_capillary,19,150,4,3,0.15282539976760745,0.6100728505285608,0.6525582020084985,3.0,0.45937792074496625,0.8340001544731056,241.8932623680683
iris,real_low_dim,MBC_micro_only,19,150,4,3,0.15791429998353124,0.43622523228478677,0.5700529155288335,6.0,0.3588695755532876,0.8972605675535673,178.61806096190008
wine,real_tabular,MBC,19,178,10,3,0.20464249979704618,0.8974949815093207,0.8758935341223069,3.0,0.29867482943692875,1.3363263335155775,76.17957977418824
wine,real_tabular,MBC_no_compact,19,178,10,3,0.17180019989609718,0.42880372461605987,0.550442128677418,3.0,0.2589814114218314,1.3351535070404577,39.49288329902983
wine,real_tabular,MBC_no_polarity,19,178,10,3,0.17420929996296763,0.8974949815093207,0.8758935341223069,3.0,0.29867482943692875,1.3363263335155775,76.17957977418824
wine,real_tabular,MBC_no_capillary,19,178,10,3,0.1828825999982655,0.8974949815093207,0.8758935341223069,3.0,0.29867482943692875,1.3363263335155775,76.17957977418824
wine,real_tabular,MBC_micro_only,19,178,10,3,0.1957649001851678,0.6245564948000433,0.6729900833146314,8.0,0.1515278151646096,1.362005301281375,32.81340341884203
breast_cancer,real_tabular,MBC,19,569,10,2,0.37778070010244846,0.6536246043910179,0.5324078598532422,2.0,0.35646070219238996,1.2679003700826146,288.1041598842234
breast_cancer,real_tabular,MBC_no_compact,19,569,10,2,0.3521622000262141,0.014754127895842538,0.029230917160688052,2.0,0.4771024079800237,0.8105782742255567,30.259111651239376
breast_cancer,real_tabular,MBC_no_polarity,19,569,10,2,0.32803360000252724,0.6536246043910179,0.5324078598532422,2.0,0.35646070219238996,1.2679003700826146,288.1041598842234
breast_cancer,real_tabular,MBC_no_capillary,19,569,10,2,0.35891339974477887,0.6536246043910179,0.5324078598532422,2.0,0.35646070219238996,1.2679003700826146,288.1041598842234
breast_cancer,real_tabular,MBC_micro_only,19,569,10,2,0.3546722996979952,0.2550245977983498,0.3524078187623274,15.0,0.1532040391488805,1.4429176212042414,75.90652054432724
digits_0_4,real_image_features,MBC,19,901,10,5,0.676851799711585,0.6272910135487904,0.7026839162998556,5.0,0.26891885985608616,1.3027540580540413,195.97093909305238
digits_0_4,real_image_features,MBC_no_compact,19,901,10,5,0.6337605002336204,0.4551159076334069,0.6937997624887724,5.0,0.15370563013558602,1.1551541868640078,123.02188746943129
digits_0_4,real_image_features,MBC_no_polarity,19,901,10,5,0.6697098002769053,0.6272910135487904,0.7026839162998556,5.0,0.26891885985608616,1.3027540580540413,195.97093909305238
digits_0_4,real_image_features,MBC_no_capillary,19,901,10,5,0.6908871000632644,0.6272910135487904,0.7026839162998556,5.0,0.26891885985608616,1.3027540580540413,195.97093909305238
digits_0_4,real_image_features,MBC_micro_only,19,901,10,5,0.6878412002697587,0.5665115517345916,0.6874992803910279,19.0,0.2693066598929135,1.2725547921327676,145.12111411523858
two_moons,nonconvex,MBC,19,500,2,2,0.300681299995631,1.0,1.0,2.0,0.3787250094771565,1.040929977835505,415.35630626195575
two_moons,nonconvex,MBC_no_compact,19,500,2,2,0.28916139993816614,1.0,1.0,2.0,0.3787250094771565,1.040929977835505,415.35630626195575
two_moons,nonconvex,MBC_no_polarity,19,500,2,2,0.29092249972745776,1.0,1.0,2.0,0.3787250094771565,1.040929977835505,415.35630626195575
two_moons,nonconvex,MBC_no_capillary,19,500,2,2,0.2891285000368953,1.0,1.0,2.0,0.3787250094771565,1.040929977835505,415.35630626195575
two_moons,nonconvex,MBC_micro_only,19,500,2,2,0.28471129992976785,0.13996772857190307,0.413258244371676,15.0,0.4473510989388529,0.6727441774638535,1181.2015092272475
circles,nonconvex,MBC,19,500,2,2,0.35845680022612214,1.0,1.0,2.0,0.14799142593000766,191.73967777218377,0.011580289958100256
circles,nonconvex,MBC_no_compact,19,500,2,2,0.35011779982596636,1.0,1.0,2.0,0.14799142593000766,191.73967777218377,0.011580289958100256
circles,nonconvex,MBC_no_polarity,19,500,2,2,0.35998670011758804,1.0,1.0,2.0,0.14799142593000766,191.73967777218377,0.011580289958100256
circles,nonconvex,MBC_no_capillary,19,500,2,2,0.3531582998111844,1.0,1.0,2.0,0.14799142593000766,191.73967777218377,0.011580289958100256
circles,nonconvex,MBC_micro_only,19,500,2,2,0.3558016996830702,0.11942322428801566,0.38644778469534563,20.0,0.46574119340514153,0.5710613320456781,784.3908086088431
noisy_moons,nonconvex,MBC,19,500,2,2,0.3390518999658525,0.9681922733790723,0.9407271848336156,2.0,0.3788373919855211,1.0191216902538445,424.18547959816925
noisy_moons,nonconvex,MBC_no_compact,19,500,2,2,0.3297792999073863,0.9681922733790723,0.9407271848336156,2.0,0.3788373919855211,1.0191216902538445,424.18547959816925
noisy_moons,nonconvex,MBC_no_polarity,19,500,2,2,0.32456000009551644,0.03619351517451627,0.14197058900238077,2.0,0.19998724886640382,0.9031717766702,82.2887259576468
noisy_moons,nonconvex,MBC_no_capillary,19,500,2,2,0.3324967999942601,0.9681922733790723,0.9407271848336156,2.0,0.3788373919855211,1.0191216902538445,424.18547959816925
noisy_moons,nonconvex,MBC_micro_only,19,500,2,2,0.3313028998672962,0.129835348947804,0.3901864754816558,18.0,0.4090518774019768,0.7147302333660152,814.4388011261996
noisy_circles,nonconvex,MBC,19,500,2,2,0.3953921003267169,1.0,1.0,2.0,0.1097802576155844,250.7518669255864,0.007107890820868055
noisy_circles,nonconvex,MBC_no_compact,19,500,2,2,0.3936886000446975,1.0,1.0,2.0,0.1097802576155844,250.7518669255864,0.007107890820868055
noisy_circles,nonconvex,MBC_no_polarity,19,500,2,2,0.39085139986127615,1.0,1.0,2.0,0.1097802576155844,250.7518669255864,0.007107890820868055
noisy_circles,nonconvex,MBC_no_capillary,19,500,2,2,0.38893580017611384,1.0,1.0,2.0,0.1097802576155844,250.7518669255864,0.007107890820868055
noisy_circles,nonconvex,MBC_micro_only,19,500,2,2,0.38667899975553155,0.10230419561141554,0.3740219582173167,22.0,0.4668752217576444,0.5978624341348341,784.0752329701957
varied_density,synthetic_density,MBC,19,500,2,3,0.2875119000673294,0.01256456798160534,0.05702616674289781,3.0,0.11464995537842612,0.855345335519515,30.864643374214985
varied_density,synthetic_density,MBC_no_compact,19,500,2,3,0.28659800020977855,0.01256456798160534,0.05702616674289781,3.0,0.11464995537842612,0.855345335519515,30.864643374214985
varied_density,synthetic_density,MBC_no_polarity,19,500,2,3,0.2819848000071943,0.00910683965316738,0.040097818822878974,2.0,0.3890044224010243,0.5982767158457443,36.74220494210568
varied_density,synthetic_density,MBC_no_capillary,19,500,2,3,0.28309360006824136,0.01256456798160534,0.05702616674289781,3.0,0.11464995537842612,0.855345335519515,30.864643374214985
varied_density,synthetic_density,MBC_micro_only,19,500,2,3,0.2888908996246755,0.25322921625440903,0.4875140668013765,16.0,0.348631783747251,0.7575400433387709,468.0629604799593
anisotropic_blobs,synthetic_gaussian,MBC,19,500,2,4,0.14517400041222572,0.7130534790109259,0.8571428571428569,3.0,0.8681085370092738,0.1803977531523302,6219.212470932944
anisotropic_blobs,synthetic_gaussian,MBC_no_compact,19,500,2,4,0.13686459977179766,0.7130534790109259,0.8571428571428569,3.0,0.8681085370092738,0.1803977531523302,6219.212470932944
anisotropic_blobs,synthetic_gaussian,MBC_no_polarity,19,500,2,4,0.1350111998617649,0.7130534790109259,0.8571428571428569,3.0,0.8681085370092738,0.1803977531523302,6219.212470932944
anisotropic_blobs,synthetic_gaussian,MBC_no_capillary,19,500,2,4,0.14127109991386533,0.7130534790109259,0.8571428571428569,3.0,0.8681085370092738,0.1803977531523302,6219.212470932944
anisotropic_blobs,synthetic_gaussian,MBC_micro_only,19,500,2,4,0.14840540010482073,0.8601640728686984,0.8684548160786029,5.0,0.6482443364734702,0.5092906384669545,6797.158187381759
ecoli,real_tabular,MBC,19,336,7,8,0.1636105002835393,0.49531056555733366,0.6344434846504454,8.0,0.25790264852157285,1.0915621731779477,162.5255917139395
ecoli,real_tabular,MBC_no_compact,19,336,7,8,0.140162100084126,0.6608964128618903,0.6213844244897729,5.0,0.3608373703734351,1.3308491592502034,98.10511998288415
ecoli,real_tabular,MBC_no_polarity,19,336,7,8,0.1672376999631524,0.49531056555733366,0.6344434846504454,8.0,0.25790264852157285,1.0915621731779477,162.5255917139395
ecoli,real_tabular,MBC_no_capillary,19,336,7,8,0.1656992002390325,0.49531056555733366,0.6344434846504454,8.0,0.25790264852157285,1.0915621731779477,162.5255917139395
ecoli,real_tabular,MBC_micro_only,19,336,7,8,0.15971629973500967,0.7143571870607623,0.6765393963409505,6.0,0.3824423593180757,1.257987428871895,101.28794782967302
glass,real_tabular,MBC,19,214,9,6,0.14647869998589158,0.16056405288965506,0.3010113712396939,6.0,0.3238577556829545,0.9768751006573185,62.51431230089217
glass,real_tabular,MBC_no_compact,19,214,9,6,0.13669610023498535,0.04831016448257138,0.16741083169617166,6.0,0.3582503486498099,1.0916419291610597,20.53548433217829
glass,real_tabular,MBC_no_polarity,19,214,9,6,0.15054110018536448,0.16056405288965506,0.3010113712396939,6.0,0.3238577556829545,0.9768751006573185,62.51431230089217
glass,real_tabular,MBC_no_capillary,19,214,9,6,0.14523039991036057,0.16056405288965506,0.3010113712396939,6.0,0.3238577556829545,0.9768751006573185,62.51431230089217
glass,real_tabular,MBC_micro_only,19,214,9,6,0.1446941001340747,0.04831016448257138,0.16741083169617166,6.0,0.3582503486498099,1.0916419291610597,20.53548433217829
vehicle,real_tabular,MBC,19,846,10,4,1.4012668998911977,0.07688396400321429,0.11596352067331649,4.0,0.309751333450744,1.0594447228054933,445.7112958668325
vehicle,real_tabular,MBC_no_compact,19,846,10,4,1.3541620997712016,0.013216627443444696,0.03620186848031088,4.0,-0.17181764612816486,2.646924467613926,16.037535689152715
vehicle,real_tabular,MBC_no_polarity,19,846,10,4,1.1699434001930058,0.07688396400321429,0.11596352067331649,4.0,0.309751333450744,1.0594447228054933,445.7112958668325
vehicle,real_tabular,MBC_no_capillary,19,846,10,4,1.2309122001752257,0.07688396400321429,0.11596352067331649,4.0,0.309751333450744,1.0594447228054933,445.7112958668325
vehicle,real_tabular,MBC_micro_only,19,846,10,4,1.3558265999890864,0.08867194911210485,0.2258562090102884,28.0,0.13487316915571382,1.5765026439273788,96.44698377233948
cmc,real_tabular,MBC,19,1473,9,3,2.141167400404811,0.022690692429906647,0.042787328250789104,3.0,0.20085337463405423,1.7059258040273877,321.33075556415577
cmc,real_tabular,MBC_no_compact,19,1473,9,3,2.2602778002619743,0.006347209862098523,0.02075087163910037,3.0,0.23263807897428856,1.4232538615538124,261.80521624742363
cmc,real_tabular,MBC_no_polarity,19,1473,9,3,2.4001907003112137,0.022690692429906647,0.042787328250789104,3.0,0.20085337463405423,1.7059258040273877,321.33075556415577
cmc,real_tabular,MBC_no_capillary,19,1473,9,3,2.3590204999782145,0.022690692429906647,0.042787328250789104,3.0,0.20085337463405423,1.7059258040273877,321.33075556415577
cmc,real_tabular,MBC_micro_only,19,1473,9,3,2.627406900282949,0.006539060994946707,0.03892918731925808,34.0,0.17943782431842897,1.5053005979223446,133.5336762009661
wdbc,real_tabular,MBC,19,569,10,2,0.4061814001761377,0.6536246043910179,0.5324078598532422,2.0,0.35646070301443605,1.2679003596355711,288.10416306879836
wdbc,real_tabular,MBC_no_compact,19,569,10,2,0.3899046997539699,0.014754127895842538,0.029230917160688052,2.0,0.47710240685532634,0.8105782734106284,30.259111540788556
wdbc,real_tabular,MBC_no_polarity,19,569,10,2,0.38401859998703003,0.6536246043910179,0.5324078598532422,2.0,0.35646070301443605,1.2679003596355711,288.10416306879836
wdbc,real_tabular,MBC_no_capillary,19,569,10,2,0.42406929982826114,0.6536246043910179,0.5324078598532422,2.0,0.35646070301443605,1.2679003596355711,288.10416306879836
wdbc,real_tabular,MBC_micro_only,19,569,10,2,0.4148190999403596,0.2550245977983498,0.3524078187623274,15.0,0.15320404820816816,1.4429176231035814,75.90652013312186
iris,real_low_dim,MBC,23,150,4,3,0.17421980015933514,0.6201351808870379,0.659486892724918,3.0,0.45994823920518635,0.8335949464754338,241.90440170183157
iris,real_low_dim,MBC_no_compact,23,150,4,3,0.1854393999092281,0.5583714437541352,0.6994010915914346,2.0,0.5758559133532453,0.6052353606167137,247.85025169719177
iris,real_low_dim,MBC_no_polarity,23,150,4,3,0.17532530007883906,0.6201351808870379,0.659486892724918,3.0,0.45994823920518635,0.8335949464754338,241.90440170183157
iris,real_low_dim,MBC_no_capillary,23,150,4,3,0.1770500000566244,0.6201351808870379,0.659486892724918,3.0,0.45994823920518635,0.8335949464754338,241.90440170183157
iris,real_low_dim,MBC_micro_only,23,150,4,3,0.17170449998229742,0.3809035823164972,0.5411027085490527,8.0,0.2803113868280454,1.0175200183679138,135.4337512060507
wine,real_tabular,MBC,23,178,10,3,0.23960759956389666,0.8974949815093207,0.8758935341223069,3.0,0.29867482943692875,1.3363263335155775,76.17957977418824
wine,real_tabular,MBC_no_compact,23,178,10,3,0.25002430006861687,0.41479374807036806,0.5213012585304121,3.0,0.1605261376343346,1.3772319624433766,35.57742038173611
wine,real_tabular,MBC_no_polarity,23,178,10,3,0.2287022997625172,0.8974949815093207,0.8758935341223069,3.0,0.29867482943692875,1.3363263335155775,76.17957977418824
wine,real_tabular,MBC_no_capillary,23,178,10,3,0.2238611001521349,0.8974949815093207,0.8758935341223069,3.0,0.29867482943692875,1.3363263335155775,76.17957977418824
wine,real_tabular,MBC_micro_only,23,178,10,3,0.23095429968088865,0.6931286296652378,0.7153468946817724,9.0,0.22814235135549082,1.3335281994002601,32.03312061799044
breast_cancer,real_tabular,MBC,23,569,10,2,0.3784038000740111,0.6707206476880808,0.5546122184105559,2.0,0.35798642169843203,1.2596589047411835,288.12456737363806
breast_cancer,real_tabular,MBC_no_compact,23,569,10,2,0.367682300042361,-0.00944257205050171,0.01590885210623266,2.0,0.4189173778135842,0.9984052732844014,23.862934629347524
breast_cancer,real_tabular,MBC_no_polarity,23,569,10,2,0.36105989990755916,0.6707206476880808,0.5546122184105559,2.0,0.35798642169843203,1.2596589047411835,288.12456737363806
breast_cancer,real_tabular,MBC_no_capillary,23,569,10,2,0.34628739999607205,0.6707206476880808,0.5546122184105559,2.0,0.35798642169843203,1.2596589047411835,288.12456737363806
breast_cancer,real_tabular,MBC_micro_only,23,569,10,2,0.38940649991855025,0.35155256265165197,0.37870422290510336,12.0,0.1603574561261764,1.6563528047992568,79.86455812800246
digits_0_4,real_image_features,MBC,23,901,10,5,0.7890181997790933,0.7029537824405924,0.7287509109682236,5.0,0.29006849089664066,1.4504493455376433,206.04169567303111
digits_0_4,real_image_features,MBC_no_compact,23,901,10,5,0.7322840997949243,0.4316465500380507,0.6735930747780148,5.0,0.20879733547207432,1.2499204381267692,125.62643368955027
digits_0_4,real_image_features,MBC_no_polarity,23,901,10,5,0.7722302000038326,0.7029537824405924,0.7287509109682236,5.0,0.29006849089664066,1.4504493455376433,206.04169567303111
digits_0_4,real_image_features,MBC_no_capillary,23,901,10,5,0.8028915002942085,0.7029537824405924,0.7287509109682236,5.0,0.29006849089664066,1.4504493455376433,206.04169567303111
digits_0_4,real_image_features,MBC_micro_only,23,901,10,5,0.8014217000454664,0.5606774047674453,0.6857916471357589,18.0,0.3153457364431195,1.3332312645448412,152.1345117794251
two_moons,nonconvex,MBC,23,500,2,2,0.35599999967962503,1.0,1.0,2.0,0.3775147949651326,1.0400880261541345,417.10667419306753
two_moons,nonconvex,MBC_no_compact,23,500,2,2,0.34885900001972914,1.0,1.0,2.0,0.3775147949651326,1.0400880261541345,417.10667419306753
two_moons,nonconvex,MBC_no_polarity,23,500,2,2,0.3703931998461485,0.02377322384902867,0.11865255572586902,2.0,0.19414634968581096,0.8587287694384131,67.25967229546409
two_moons,nonconvex,MBC_no_capillary,23,500,2,2,0.38069469993934035,1.0,1.0,2.0,0.3775147949651326,1.0400880261541345,417.10667419306753
two_moons,nonconvex,MBC_micro_only,23,500,2,2,0.36946830013766885,0.13810157865134332,0.40976436047686005,16.0,0.43998798239922554,0.6638882680406868,1185.2581872923004
circles,nonconvex,MBC,23,500,2,2,0.429405499715358,1.0,1.0,2.0,0.1467131656278202,215.7044640712408,0.009171906148004717
circles,nonconvex,MBC_no_compact,23,500,2,2,0.4073177999816835,1.0,1.0,2.0,0.1467131656278202,215.7044640712408,0.009171906148004717
circles,nonconvex,MBC_no_polarity,23,500,2,2,0.39296270022168756,1.0,1.0,2.0,0.1467131656278202,215.7044640712408,0.009171906148004717
circles,nonconvex,MBC_no_capillary,23,500,2,2,0.40345320012420416,1.0,1.0,2.0,0.1467131656278202,215.7044640712408,0.009171906148004717
circles,nonconvex,MBC_micro_only,23,500,2,2,0.3744805003516376,0.11668811983623689,0.3854749834020092,20.0,0.49582602672923726,0.5456451886687527,871.050808391625
noisy_moons,nonconvex,MBC,23,500,2,2,0.43154369993135333,0.21047916521169532,0.31532092465022504,2.0,0.32419652427632284,0.9120989163986635,256.3213961327432
noisy_moons,nonconvex,MBC_no_compact,23,500,2,2,0.42742349999025464,0.21047916521169532,0.31532092465022504,2.0,0.32419652427632284,0.9120989163986635,256.3213961327432
noisy_moons,nonconvex,MBC_no_polarity,23,500,2,2,0.3801359999924898,0.0,0.0,1.0,,,
noisy_moons,nonconvex,MBC_no_capillary,23,500,2,2,0.38318669982254505,0.21047916521169532,0.31532092465022504,2.0,0.32419652427632284,0.9120989163986635,256.3213961327432
noisy_moons,nonconvex,MBC_micro_only,23,500,2,2,0.39563219994306564,0.12101940143010757,0.3822901983301419,17.0,0.36488047271099067,0.8106702152077921,809.3558502962939
noisy_circles,nonconvex,MBC,23,500,2,2,0.42987100034952164,1.0,1.0,2.0,0.11247774859058761,368.04994744603664,0.0032851228530015827
noisy_circles,nonconvex,MBC_no_compact,23,500,2,2,0.42929429979994893,1.0,1.0,2.0,0.11247774859058761,368.04994744603664,0.0032851228530015827
noisy_circles,nonconvex,MBC_no_polarity,23,500,2,2,0.4261179999448359,0.0,0.0,1.0,,,
noisy_circles,nonconvex,MBC_no_capillary,23,500,2,2,0.4278572998009622,1.0,1.0,2.0,0.11247774859058761,368.04994744603664,0.0032851228530015827
noisy_circles,nonconvex,MBC_micro_only,23,500,2,2,0.4191319001838565,0.1057956716406189,0.37777482021691,21.0,0.4660591521746522,0.5908115807176403,766.0546451397381
varied_density,synthetic_density,MBC,23,500,2,3,0.2593795000575483,0.029175271865961014,0.10167350199298723,3.0,0.1080665847150598,0.7261463845867838,42.642641331256925
varied_density,synthetic_density,MBC_no_compact,23,500,2,3,0.25643290020525455,0.029175271865961014,0.10167350199298723,3.0,0.1080665847150598,0.7261463845867838,42.642641331256925
varied_density,synthetic_density,MBC_no_polarity,23,500,2,3,0.2567942002788186,0.029175271865961014,0.10167350199298723,3.0,0.1080665847150598,0.7261463845867838,42.642641331256925
varied_density,synthetic_density,MBC_no_capillary,23,500,2,3,0.2528789001516998,0.06233201001329632,0.16532413077853422,3.0,0.12438648205048213,0.7850665739852287,72.61422331447214
varied_density,synthetic_density,MBC_micro_only,23,500,2,3,0.26158880023285747,0.3759663325332372,0.5339622250791529,12.0,0.36554037652297355,0.7120842607632752,453.86053318164033
anisotropic_blobs,synthetic_gaussian,MBC,23,500,2,4,0.17080239998176694,1.0,1.0,4.0,0.8271414379607374,0.2607470657398048,7462.089040301855
anisotropic_blobs,synthetic_gaussian,MBC_no_compact,23,500,2,4,0.1622456000186503,1.0,1.0,4.0,0.8271414379607374,0.2607470657398048,7462.089040301855
anisotropic_blobs,synthetic_gaussian,MBC_no_polarity,23,500,2,4,0.16312139993533492,1.0,1.0,4.0,0.8271414379607374,0.2607470657398048,7462.089040301855
anisotropic_blobs,synthetic_gaussian,MBC_no_capillary,23,500,2,4,0.1628875001333654,1.0,1.0,4.0,0.8271414379607374,0.2607470657398048,7462.089040301855
anisotropic_blobs,synthetic_gaussian,MBC_micro_only,23,500,2,4,0.1722065000794828,0.9232292465731028,0.934180176701301,6.0,0.7040704035406148,0.6469023957720366,5679.793815282148
ecoli,real_tabular,MBC,23,336,7,8,0.19534339988604188,0.5387775927341363,0.6520389374637955,8.0,0.266205958899086,1.0830853321125296,162.74676397197322
ecoli,real_tabular,MBC_no_compact,23,336,7,8,0.15690220007672906,0.31378022125183197,0.4216736858209529,5.0,0.16550960981190177,1.546355228250837,48.28664171972639
ecoli,real_tabular,MBC_no_polarity,23,336,7,8,0.1855028998106718,0.5387775927341363,0.6520389374637955,8.0,0.266205958899086,1.0830853321125296,162.74676397197322
ecoli,real_tabular,MBC_no_capillary,23,336,7,8,0.18576669972389936,0.5387775927341363,0.6520389374637955,8.0,0.266205958899086,1.0830853321125296,162.74676397197322
ecoli,real_tabular,MBC_micro_only,23,336,7,8,0.1795475003309548,0.6089430386597213,0.5883856798479353,7.0,0.33997162690492516,1.1551010704414164,98.4000599766578
glass,real_tabular,MBC,23,214,9,6,0.1772173000499606,0.1727998457370339,0.3206853964645752,6.0,0.32172633886704266,0.9893924397496047,62.866201485388
glass,real_tabular,MBC_no_compact,23,214,9,6,0.14605289977043867,0.23681270560649634,0.3926009324004344,6.0,0.411480038544884,1.14644785892011,40.48998661547621
glass,real_tabular,MBC_no_polarity,23,214,9,6,0.15712969982996583,0.1727998457370339,0.3206853964645752,6.0,0.32172633886704266,0.9893924397496047,62.866201485388
glass,real_tabular,MBC_no_capillary,23,214,9,6,0.1560857999138534,0.1727998457370339,0.3206853964645752,6.0,0.32172633886704266,0.9893924397496047,62.866201485388
glass,real_tabular,MBC_micro_only,23,214,9,6,0.15664450032636523,0.23681270560649634,0.3926009324004344,6.0,0.411480038544884,1.14644785892011,40.48998661547621
vehicle,real_tabular,MBC,23,846,10,4,1.2498742998577654,0.0760410408020482,0.11622297983898575,4.0,0.3103334442832632,1.0508461305269583,446.24849645701397
vehicle,real_tabular,MBC_no_compact,23,846,10,4,1.1927277999930084,0.021887643341719755,0.05907235201191148,4.0,0.018834061143349796,1.887864878058519,86.36751497112381
vehicle,real_tabular,MBC_no_polarity,23,846,10,4,1.3088692999444902,0.0760410408020482,0.11622297983898575,4.0,0.3103334442832632,1.0508461305269583,446.24849645701397
vehicle,real_tabular,MBC_no_capillary,23,846,10,4,1.2343341000378132,0.0760410408020482,0.11622297983898577,4.0,0.3103334442832632,1.0508461305269583,446.24849645701397
vehicle,real_tabular,MBC_micro_only,23,846,10,4,1.2504612999036908,0.10066446650779724,0.26597631743424643,28.0,0.17074436706169552,1.4293040469188174,161.89559411625584
cmc,real_tabular,MBC,23,1473,9,3,1.8999869995750487,0.022690692429906647,0.04278732825078911,3.0,0.20085337463405423,1.7059258040273877,321.33075556415577
cmc,real_tabular,MBC_no_compact,23,1473,9,3,1.809903200250119,0.007321448721150879,0.022310871514494603,3.0,0.22934552723132184,1.4084800530582842,260.48201672238787
cmc,real_tabular,MBC_no_polarity,23,1473,9,3,1.8877734001725912,0.022690692429906647,0.04278732825078911,3.0,0.20085337463405423,1.7059258040273877,321.33075556415577
cmc,real_tabular,MBC_no_capillary,23,1473,9,3,1.8727639000862837,0.022690692429906647,0.04278732825078911,3.0,0.20085337463405423,1.7059258040273877,321.33075556415577
cmc,real_tabular,MBC_micro_only,23,1473,9,3,1.8690494997426867,0.007976005295607469,0.03992102614558171,30.0,0.18116044679781654,1.4639725141488535,143.86619871081191
wdbc,real_tabular,MBC,23,569,10,2,0.37064830027520657,0.6707206476880808,0.554612218410556,2.0,0.35798642260745267,1.259658894790714,288.1245704093845
wdbc,real_tabular,MBC_no_compact,23,569,10,2,0.3369912002235651,-0.00944257205050171,0.01590885210623266,2.0,0.41891736464732116,0.998405311899052,23.86293289572265
wdbc,real_tabular,MBC_no_polarity,23,569,10,2,0.3342695999890566,0.6707206476880808,0.554612218410556,2.0,0.35798642260745267,1.259658894790714,288.1245704093845
wdbc,real_tabular,MBC_no_capillary,23,569,10,2,0.3350935997441411,0.6707206476880808,0.554612218410556,2.0,0.35798642260745267,1.259658894790714,288.1245704093845
wdbc,real_tabular,MBC_micro_only,23,569,10,2,0.33643379993736744,0.35155256265165197,0.3787042229051034,12.0,0.16035746178551688,1.656352842129443,79.86455714103786
