combination,dataset,seed,growth_rate,inhibition,organ_merge_radius,valley_ratio,tangent_alignment,max_bridge_void,birth_quantile,steps,ari
0,two_moons,3,0.18,0.035,4.2,0.28,0.42,0.52,0.92,120,1.0
0,two_moons,7,0.18,0.035,4.2,0.28,0.42,0.52,0.92,120,1.0
0,two_moons,11,0.18,0.035,4.2,0.28,0.42,0.52,0.92,120,1.0
0,circles,3,0.18,0.035,4.2,0.28,0.42,0.52,0.92,120,1.0
0,circles,7,0.18,0.035,4.2,0.28,0.42,0.52,0.92,120,1.0
0,circles,11,0.18,0.035,4.2,0.28,0.42,0.52,0.92,120,1.0
0,varied_density,3,0.18,0.035,4.2,0.28,0.42,0.52,0.92,120,0.00682991719054414
0,varied_density,7,0.18,0.035,4.2,0.28,0.42,0.52,0.92,120,-0.004543526438650621
0,varied_density,11,0.18,0.035,4.2,0.28,0.42,0.52,0.92,120,0.029252617438630484
0,wine,3,0.18,0.035,4.2,0.28,0.42,0.52,0.92,120,0.8974949815093207
0,wine,7,0.18,0.035,4.2,0.28,0.42,0.52,0.92,120,0.8974949815093207
0,wine,11,0.18,0.035,4.2,0.28,0.42,0.52,0.92,120,0.8974949815093207
0,digits_0_4,3,0.18,0.035,4.2,0.28,0.42,0.52,0.92,120,0.7819593312981957
0,digits_0_4,7,0.18,0.035,4.2,0.28,0.42,0.52,0.92,120,0.7789122155744361
0,digits_0_4,11,0.18,0.035,4.2,0.28,0.42,0.52,0.92,120,0.7821108165634358
1,two_moons,3,0.15,0.045,3.6,0.18,0.35,0.46,0.88,140,1.0
1,two_moons,7,0.15,0.045,3.6,0.18,0.35,0.46,0.88,140,1.0
1,two_moons,11,0.15,0.045,3.6,0.18,0.35,0.46,0.88,140,1.0
1,circles,3,0.15,0.045,3.6,0.18,0.35,0.46,0.88,140,1.0
1,circles,7,0.15,0.045,3.6,0.18,0.35,0.46,0.88,140,1.0
1,circles,11,0.15,0.045,3.6,0.18,0.35,0.46,0.88,140,1.0
1,varied_density,3,0.15,0.045,3.6,0.18,0.35,0.46,0.88,140,0.01725828399237998
1,varied_density,7,0.15,0.045,3.6,0.18,0.35,0.46,0.88,140,0.02864425062960093
1,varied_density,11,0.15,0.045,3.6,0.18,0.35,0.46,0.88,140,-0.012111957388804545
1,wine,3,0.15,0.045,3.6,0.18,0.35,0.46,0.88,140,0.8974949815093207
1,wine,7,0.15,0.045,3.6,0.18,0.35,0.46,0.88,140,0.8974949815093207
1,wine,11,0.15,0.045,3.6,0.18,0.35,0.46,0.88,140,0.8974949815093207
1,digits_0_4,3,0.15,0.045,3.6,0.18,0.35,0.46,0.88,140,0.7725597798917779
1,digits_0_4,7,0.15,0.045,3.6,0.18,0.35,0.46,0.88,140,0.7850577933881904
1,digits_0_4,11,0.15,0.045,3.6,0.18,0.35,0.46,0.88,140,0.7795342806637048
2,two_moons,3,0.18,0.035,3.6,0.28,0.35,0.46,0.88,120,1.0
2,two_moons,7,0.18,0.035,3.6,0.28,0.35,0.46,0.88,120,1.0
2,two_moons,11,0.18,0.035,3.6,0.28,0.35,0.46,0.88,120,1.0
2,circles,3,0.18,0.035,3.6,0.28,0.35,0.46,0.88,120,1.0
2,circles,7,0.18,0.035,3.6,0.28,0.35,0.46,0.88,120,1.0
2,circles,11,0.18,0.035,3.6,0.28,0.35,0.46,0.88,120,1.0
2,varied_density,3,0.18,0.035,3.6,0.28,0.35,0.46,0.88,120,-0.00901027389433136
2,varied_density,7,0.18,0.035,3.6,0.28,0.35,0.46,0.88,120,0.02864425062960093
2,varied_density,11,0.18,0.035,3.6,0.28,0.35,0.46,0.88,120,0.012471917204238807
2,wine,3,0.18,0.035,3.6,0.28,0.35,0.46,0.88,120,0.8974949815093207
2,wine,7,0.18,0.035,3.6,0.28,0.35,0.46,0.88,120,0.8974949815093207
2,wine,11,0.18,0.035,3.6,0.28,0.35,0.46,0.88,120,0.8974949815093207
2,digits_0_4,3,0.18,0.035,3.6,0.28,0.35,0.46,0.88,120,0.7627799556076363
2,digits_0_4,7,0.18,0.035,3.6,0.28,0.35,0.46,0.88,120,0.7795342806637048
2,digits_0_4,11,0.18,0.035,3.6,0.28,0.35,0.46,0.88,120,0.7821108165634358
3,two_moons,3,0.18,0.035,4.2,0.28,0.42,0.52,0.92,120,1.0
3,two_moons,7,0.18,0.035,4.2,0.28,0.42,0.52,0.92,120,1.0
3,two_moons,11,0.18,0.035,4.2,0.28,0.42,0.52,0.92,120,1.0
3,circles,3,0.18,0.035,4.2,0.28,0.42,0.52,0.92,120,1.0
3,circles,7,0.18,0.035,4.2,0.28,0.42,0.52,0.92,120,1.0
3,circles,11,0.18,0.035,4.2,0.28,0.42,0.52,0.92,120,1.0
3,varied_density,3,0.18,0.035,4.2,0.28,0.42,0.52,0.92,120,0.00682991719054414
3,varied_density,7,0.18,0.035,4.2,0.28,0.42,0.52,0.92,120,-0.004543526438650621
3,varied_density,11,0.18,0.035,4.2,0.28,0.42,0.52,0.92,120,0.029252617438630484
3,wine,3,0.18,0.035,4.2,0.28,0.42,0.52,0.92,120,0.8974949815093207
3,wine,7,0.18,0.035,4.2,0.28,0.42,0.52,0.92,120,0.8974949815093207
3,wine,11,0.18,0.035,4.2,0.28,0.42,0.52,0.92,120,0.8974949815093207
3,digits_0_4,3,0.18,0.035,4.2,0.28,0.42,0.52,0.92,120,0.7819593312981957
3,digits_0_4,7,0.18,0.035,4.2,0.28,0.42,0.52,0.92,120,0.7789122155744361
3,digits_0_4,11,0.18,0.035,4.2,0.28,0.42,0.52,0.92,120,0.7821108165634358
4,two_moons,3,0.18,0.045,3.6,0.18,0.35,0.52,0.92,140,1.0
4,two_moons,7,0.18,0.045,3.6,0.18,0.35,0.52,0.92,140,1.0
4,two_moons,11,0.18,0.045,3.6,0.18,0.35,0.52,0.92,140,1.0
4,circles,3,0.18,0.045,3.6,0.18,0.35,0.52,0.92,140,1.0
4,circles,7,0.18,0.045,3.6,0.18,0.35,0.52,0.92,140,1.0
4,circles,11,0.18,0.045,3.6,0.18,0.35,0.52,0.92,140,1.0
4,varied_density,3,0.18,0.045,3.6,0.18,0.35,0.52,0.92,140,0.006732627041456225
4,varied_density,7,0.18,0.045,3.6,0.18,0.35,0.52,0.92,140,0.03024090600778886
4,varied_density,11,0.18,0.045,3.6,0.18,0.35,0.52,0.92,140,0.011968307594979915
4,wine,3,0.18,0.045,3.6,0.18,0.35,0.52,0.92,140,0.8974949815093207
4,wine,7,0.18,0.045,3.6,0.18,0.35,0.52,0.92,140,0.8974949815093207
4,wine,11,0.18,0.045,3.6,0.18,0.35,0.52,0.92,140,0.8974949815093207
4,digits_0_4,3,0.18,0.045,3.6,0.18,0.35,0.52,0.92,140,0.7725597798917779
4,digits_0_4,7,0.18,0.045,3.6,0.18,0.35,0.52,0.92,140,0.7773579177259603
4,digits_0_4,11,0.18,0.045,3.6,0.18,0.35,0.52,0.92,140,0.7795342806637048
5,two_moons,3,0.15,0.045,4.2,0.28,0.35,0.52,0.92,140,1.0
5,two_moons,7,0.15,0.045,4.2,0.28,0.35,0.52,0.92,140,1.0
5,two_moons,11,0.15,0.045,4.2,0.28,0.35,0.52,0.92,140,1.0
5,circles,3,0.15,0.045,4.2,0.28,0.35,0.52,0.92,140,1.0
5,circles,7,0.15,0.045,4.2,0.28,0.35,0.52,0.92,140,1.0
5,circles,11,0.15,0.045,4.2,0.28,0.35,0.52,0.92,140,1.0
5,varied_density,3,0.15,0.045,4.2,0.28,0.35,0.52,0.92,140,0.006732627041456225
5,varied_density,7,0.15,0.045,4.2,0.28,0.35,0.52,0.92,140,0.0
5,varied_density,11,0.15,0.045,4.2,0.28,0.35,0.52,0.92,140,0.0
5,wine,3,0.15,0.045,4.2,0.28,0.35,0.52,0.92,140,0.8974949815093207
5,wine,7,0.15,0.045,4.2,0.28,0.35,0.52,0.92,140,0.8974949815093207
5,wine,11,0.15,0.045,4.2,0.28,0.35,0.52,0.92,140,0.8974949815093207
5,digits_0_4,3,0.15,0.045,4.2,0.28,0.35,0.52,0.92,140,0.7725597798917779
5,digits_0_4,7,0.15,0.045,4.2,0.28,0.35,0.52,0.92,140,0.7773579177259603
5,digits_0_4,11,0.15,0.045,4.2,0.28,0.35,0.52,0.92,140,0.7795342806637048
6,two_moons,3,0.18,0.035,3.6,0.18,0.35,0.46,0.88,120,1.0
6,two_moons,7,0.18,0.035,3.6,0.18,0.35,0.46,0.88,120,1.0
6,two_moons,11,0.18,0.035,3.6,0.18,0.35,0.46,0.88,120,1.0
6,circles,3,0.18,0.035,3.6,0.18,0.35,0.46,0.88,120,1.0
6,circles,7,0.18,0.035,3.6,0.18,0.35,0.46,0.88,120,1.0
6,circles,11,0.18,0.035,3.6,0.18,0.35,0.46,0.88,120,1.0
6,varied_density,3,0.18,0.035,3.6,0.18,0.35,0.46,0.88,120,-0.00901027389433136
6,varied_density,7,0.18,0.035,3.6,0.18,0.35,0.46,0.88,120,0.02864425062960093
6,varied_density,11,0.18,0.035,3.6,0.18,0.35,0.46,0.88,120,0.012471917204238807
6,wine,3,0.18,0.035,3.6,0.18,0.35,0.46,0.88,120,0.8974949815093207
6,wine,7,0.18,0.035,3.6,0.18,0.35,0.46,0.88,120,0.8974949815093207
6,wine,11,0.18,0.035,3.6,0.18,0.35,0.46,0.88,120,0.8974949815093207
6,digits_0_4,3,0.18,0.035,3.6,0.18,0.35,0.46,0.88,120,0.7627799556076363
6,digits_0_4,7,0.18,0.035,3.6,0.18,0.35,0.46,0.88,120,0.7795342806637048
6,digits_0_4,11,0.18,0.035,3.6,0.18,0.35,0.46,0.88,120,0.7821108165634358
7,two_moons,3,0.18,0.045,3.6,0.18,0.35,0.52,0.92,120,1.0
7,two_moons,7,0.18,0.045,3.6,0.18,0.35,0.52,0.92,120,1.0
7,two_moons,11,0.18,0.045,3.6,0.18,0.35,0.52,0.92,120,1.0
7,circles,3,0.18,0.045,3.6,0.18,0.35,0.52,0.92,120,1.0
7,circles,7,0.18,0.045,3.6,0.18,0.35,0.52,0.92,120,1.0
7,circles,11,0.18,0.045,3.6,0.18,0.35,0.52,0.92,120,1.0
7,varied_density,3,0.18,0.045,3.6,0.18,0.35,0.52,0.92,120,0.006667764499933389
7,varied_density,7,0.18,0.045,3.6,0.18,0.35,0.52,0.92,120,0.015446391439316523
7,varied_density,11,0.18,0.045,3.6,0.18,0.35,0.52,0.92,120,0.01336086369006191
7,wine,3,0.18,0.045,3.6,0.18,0.35,0.52,0.92,120,0.8974949815093207
7,wine,7,0.18,0.045,3.6,0.18,0.35,0.52,0.92,120,0.8974949815093207
7,wine,11,0.18,0.045,3.6,0.18,0.35,0.52,0.92,120,0.8974949815093207
7,digits_0_4,3,0.18,0.045,3.6,0.18,0.35,0.52,0.92,120,0.7819593312981957
7,digits_0_4,7,0.18,0.045,3.6,0.18,0.35,0.52,0.92,120,0.7789122155744361
7,digits_0_4,11,0.18,0.045,3.6,0.18,0.35,0.52,0.92,120,0.7821108165634358
